Workbook

Sheet Sheet1
A1: [ 인천소방학교(221210) ]
A2: 품 명 | B2: 규 격 | C2: 단위 | D2: 수량 | E2: 재 료 비 | G2: 노 무 비 | I2: 경 비 | K2: 합 계 | M2: 비 고 | N2: 품목코드 | O2: 변수 | P2: 설정 | Q2: 공종코드 | R2: 일위 | S2: 단산 | T2: 자재 | U2: 손료적용 | V2: 손료저장 | W2: 적용율 | X2: JUK1 | Y2: JUK2 | Z2: JUK3 | AA2: JUK4 | AB2: JUK5 | AC2: JUK6 | AD2: JUK7 | AE2: JUK8 | AF2: JUK9 | AG2: JUK10 | AH2: JUK11 | AI2: JUK12 | AJ2: JUK13 | AK2: JUK14 | AL2: JUK15 | AM2: JUK16 | AN2: JUK17 | AO2: JUK18 | AP2: JUK19 | AQ2: JUK20 | AR2: 자재구분 | AS2: 공종구분 | AT2: 공종레벨 | AU2: 공종+자재 | AV2: 고유번호
E3: 단 가 | F3: 금 액 | G3: 단 가 | H3: 금 액 | I3: 단 가 | J3: 금 액 | K3: 단 가 | L3: 금 액
A4: 010101 공통 가설 공사 | B4: 01.본관동 및 생활관, 후생관 | Q4: 010101
A5: 가설울타리설치및 해체 | B5: EGI휀스,지주높이 3.5m이하 | C5: m | D5: 990 | E5: =TRUNC([1]단가대비표!O196,0) -> 0 | F5: =TRUNC(E5*D5, 0) -> 0 | G5: =TRUNC([1]단가대비표!P196,0) -> 0 | H5: =TRUNC(G5*D5, 0) -> 0 | I5: =TRUNC([1]단가대비표!V196,0) -> 22749 | J5: =TRUNC(I5*D5, 0) -> 22521510 | K5: =TRUNC(E5+G5+I5, 0) -> 22749 | L5: =TRUNC(F5+H5+J5, 0) -> 22521510 | M5: 노무비율 0% | N5: 4477177097F115B34CE24775BBCC4 | Q5: 010101 | R5: F | S5: F | T5: T | AU5: 0101014477177097F115B34CE24775BBCC4 | AV5: 2929
A6: 조립식가설사무소/감리, 감독자 | B6: 25개월, 렌탈 | C6: M2 | D6: 180 | E6: =TRUNC([1]일위대가목록!E4,0) -> 0 | F6: =TRUNC(E6*D6, 0) -> 0 | G6: =TRUNC([1]일위대가목록!F4,0) -> 0 | H6: =TRUNC(G6*D6, 0) -> 0 | I6: =TRUNC([1]일위대가목록!G4,0) -> 124888 | J6: =TRUNC(I6*D6, 0) -> 22479840 | K6: =TRUNC(E6+G6+I6, 0) -> 124888 | L6: =TRUNC(F6+H6+J6, 0) -> 22479840 | M6: 호표 1 | N6: 44771770A05C1591F337CE26D8B0E | Q6: 010101 | R6: T | S6: F | T6: F | AU6: 01010144771770A05C1591F337CE26D8B0E | AV6: 2915
A7: 컨테이너가설창고 | B7: 25개월, 렌탈, 3.0*6.0m | C7: 동 | D7: 2 | E7: =TRUNC([1]일위대가목록!E5,0) -> 0 | F7: =TRUNC(E7*D7, 0) -> 0 | G7: =TRUNC([1]일위대가목록!F5,0) -> 0 | H7: =TRUNC(G7*D7, 0) -> 0 | I7: =TRUNC([1]일위대가목록!G5,0) -> 1353144 | J7: =TRUNC(I7*D7, 0) -> 2706288 | K7: =TRUNC(E7+G7+I7, 0) -> 1353144 | L7: =TRUNC(F7+H7+J7, 0) -> 2706288 | M7: 호표 2 | N7: 44771770A06E15D56C0BA62B9A1F9 | Q7: 010101 | R7: T | S7: F | T7: F | AU7: 01010144771770A06E15D56C0BA62B9A1F9 | AV7: 2846
A8: 컨테이너가설실험실 | B8: 25개월, 렌탈, 3.0*6.0m | C8: 동 | D8: 3 | E8: =TRUNC([1]일위대가목록!E6,0) -> 0 | F8: =TRUNC(E8*D8, 0) -> 0 | G8: =TRUNC([1]일위대가목록!F6,0) -> 0 | H8: =TRUNC(G8*D8, 0) -> 0 | I8: =TRUNC([1]일위대가목록!G6,0) -> 1228144 | J8: =TRUNC(I8*D8, 0) -> 3684432 | K8: =TRUNC(E8+G8+I8, 0) -> 1228144 | L8: =TRUNC(F8+H8+J8, 0) -> 3684432 | M8: 호표 3 | N8: 44771770A06E15D56C0BA6CBCEE91 | Q8: 010101 | R8: T | S8: F | T8: F | AU8: 01010144771770A06E15D56C0BA6CBCEE91 | AV8: 2847
A9: 폐기물보관소 | B9: 25개월, 렌탈 | C9: M2 | D9: 27 | E9: =TRUNC([1]일위대가목록!E7,0) -> 0 | F9: =TRUNC(E9*D9, 0) -> 0 | G9: =TRUNC([1]일위대가목록!F7,0) -> 0 | H9: =TRUNC(G9*D9, 0) -> 0 | I9: =TRUNC([1]일위대가목록!G7,0) -> 101893 | J9: =TRUNC(I9*D9, 0) -> 2751111 | K9: =TRUNC(E9+G9+I9, 0) -> 101893 | L9: =TRUNC(F9+H9+J9, 0) -> 2751111 | M9: 호표 4 | N9: 44771770A05C15A251EC38A14CCB8 | Q9: 010101 | R9: T | S9: F | T9: F | AU9: 01010144771770A05C15A251EC38A14CCB8 | AV9: 2843
A10: 가설게이트 | B10: 홀딩도어 L=12m, H=8m | C10: EA | D10: 1 | E10: =TRUNC([1]일위대가목록!E8,0) -> 0 | F10: =TRUNC(E10*D10, 0) -> 0 | G10: =TRUNC([1]일위대가목록!F8,0) -> 0 | H10: =TRUNC(G10*D10, 0) -> 0 | I10: =TRUNC([1]일위대가목록!G8,0) -> 1679950 | J10: =TRUNC(I10*D10, 0) -> 1679950 | K10: =TRUNC(E10+G10+I10, 0) -> 1679950 | L10: =TRUNC(F10+H10+J10, 0) -> 1679950 | M10: 호표 5 | N10: 4477177097C4150280AAAF6F57072 | Q10: 010101 | R10: T | S10: F | T10: F | AU10: 0101014477177097C4150280AAAF6F57072 | AV10: 2885
A11: 이동식 타워크레인손료 - 월 | B11: 54m*50ton | C11: MTH | D11: 12 | E11: =TRUNC([1]일위대가목록!E9,0) -> 0 | F11: =TRUNC(E11*D11, 0) -> 0 | G11: =TRUNC([1]일위대가목록!F9,0) -> 0 | H11: =TRUNC(G11*D11, 0) -> 0 | I11: =TRUNC([1]일위대가목록!G9,0) -> 19978200 | J11: =TRUNC(I11*D11, 0) -> 239738400 | K11: =TRUNC(E11+G11+I11, 0) -> 19978200 | L11: =TRUNC(F11+H11+J11, 0) -> 239738400 | M11: 호표 6 | N11: 44771770B29115CAEE25590F4A86C | Q11: 010101 | R11: T | S11: F | T11: F | AU11: 01010144771770B29115CAEE25590F4A86C | AV11: 2914
A12: 가설전기인입비 | C12: 식 | D12: 1 | E12: =TRUNC([1]일위대가목록!E10,0) -> 0 | F12: =TRUNC(E12*D12, 0) -> 0 | G12: =TRUNC([1]일위대가목록!F10,0) -> 0 | H12: =TRUNC(G12*D12, 0) -> 0 | I12: =TRUNC([1]일위대가목록!G10,0) -> 64549823 | J12: =TRUNC(I12*D12, 0) -> 64549823 | K12: =TRUNC(E12+G12+I12, 0) -> 64549823 | L12: =TRUNC(F12+H12+J12, 0) -> 64549823 | M12: 호표 7 | N12: 44771770B2A2152FBF6FD3B83D821 | Q12: 010101 | R12: T | S12: F | T12: F | AU12: 01010144771770B2A2152FBF6FD3B83D821 | AV12: 2832
A13: 가설용수비 | C13: 식 | D13: 1 | E13: =TRUNC([1]일위대가목록!E11,0) -> 0 | F13: =TRUNC(E13*D13, 0) -> 0 | G13: =TRUNC([1]일위대가목록!F11,0) -> 0 | H13: =TRUNC(G13*D13, 0) -> 0 | I13: =TRUNC([1]일위대가목록!G11,0) -> 14196871 | J13: =TRUNC(I13*D13, 0) -> 14196871 | K13: =TRUNC(E13+G13+I13, 0) -> 14196871 | L13: =TRUNC(F13+H13+J13, 0) -> 14196871 | M13: 호표 8 | N13: 4477177097F115B34C5C6434FCD32 | Q13: 010101 | R13: T | S13: F | T13: F | AU13: 0101014477177097F115B34C5C6434FCD32 | AV13: 2833
A14: 가설전력사용료 | C14: 식 | D14: 1 | E14: =TRUNC([1]일위대가목록!E12,0) -> 0 | F14: =TRUNC(E14*D14, 0) -> 0 | G14: =TRUNC([1]일위대가목록!F12,0) -> 0 | H14: =TRUNC(G14*D14, 0) -> 0 | I14: =TRUNC([1]일위대가목록!G12,0) -> 38170000 | J14: =TRUNC(I14*D14, 0) -> 38170000 | K14: =TRUNC(E14+G14+I14, 0) -> 38170000 | L14: =TRUNC(F14+H14+J14, 0) -> 38170000 | M14: 호표 9 | N14: 4477177097F115B34C5C6434FCD31 | Q14: 010101 | R14: T | S14: F | T14: F | AU14: 0101014477177097F115B34C5C6434FCD31 | AV14: 2834
A15: 건설폐기물상차비 - 중간처리 | B15: 16톤압롤트럭(20m3) | C15: TON | D15: 363.351 | E15: =TRUNC([1]단가대비표!O205,0) -> 0 | F15: =TRUNC(E15*D15, 0) -> 0 | G15: =TRUNC([1]단가대비표!P205,0) -> 0 | H15: =TRUNC(G15*D15, 0) -> 0 | I15: =TRUNC([1]단가대비표!V205,0) -> 3168 | J15: =TRUNC(I15*D15, 0) -> 1151095 | K15: =TRUNC(E15+G15+I15, 0) -> 3168 | L15: =TRUNC(F15+H15+J15, 0) -> 1151095 | N15: 44771770C33C1564727CCF91C5A2A | Q15: 010101 | R15: F | S15: F | T15: T | AU15: 01010144771770C33C1564727CCF91C5A2A | AV15: 2836
E16: =TRUNC([1]단가대비표!O780,0) -> 0 | F16: =TRUNC(E16*D16, 0) -> 0 | G16: =TRUNC([1]단가대비표!P780,0) -> 0 | H16: =TRUNC(G16*D16, 0) -> 0 | I16: =TRUNC([1]단가대비표!V780,0) -> 0 | J16: =TRUNC(I16*D16, 0) -> 0 | K16: =TRUNC(E16+G16+I16, 0) -> 0 | L16: =TRUNC(F16+H16+J16, 0) -> 0 | N16: 45C61727F3E315DA92B49D6357B297CF6556C | Q16: 010101 | R16: F | S16: F | T16: T | AU16: 01010145C61727F3E315DA92B49D6357B297CF6556C | AV16: 2837
A17: [임시소방시설] | E17: =TRUNC([1]단가대비표!O795,0) -> 0 | F17: =TRUNC(E17*D17, 0) -> 0 | G17: =TRUNC([1]단가대비표!P795,0) -> 0 | H17: =TRUNC(G17*D17, 0) -> 0 | I17: =TRUNC([1]단가대비표!V795,0) -> 0 | J17: =TRUNC(I17*D17, 0) -> 0 | K17: =TRUNC(E17+G17+I17, 0) -> 0 | L17: =TRUNC(F17+H17+J17, 0) -> 0 | N17: 45C61727F3E315DA92B49D6357B297CF65440 | Q17: 010101 | R17: F | S17: F | T17: T | AU17: 01010145C61727F3E315DA92B49D6357B297CF65440 | AV17: 2930
A18: 휴대용확성기 | C18: EA | D18: 1 | E18: =TRUNC([1]단가대비표!O796,0) -> 50000 | F18: =TRUNC(E18*D18, 0) -> 50000 | G18: =TRUNC([1]단가대비표!P796,0) -> 0 | H18: =TRUNC(G18*D18, 0) -> 0 | I18: =TRUNC([1]단가대비표!V796,0) -> 0 | J18: =TRUNC(I18*D18, 0) -> 0 | K18: =TRUNC(E18+G18+I18, 0) -> 50000 | L18: =TRUNC(F18+H18+J18, 0) -> 50000 | M18: 견적 | N18: 45C61727F3E315DA92B49D6357B297CF65441 | Q18: 010101 | R18: F | S18: F | T18: T | AU18: 01010145C61727F3E315DA92B49D6357B297CF65441 | AV18: 2931
A19: 간이피난유도선 | B19: 100M용 | C19: SET | D19: 5 | E19: =TRUNC([1]단가대비표!O797,0) -> 803756 | F19: =TRUNC(E19*D19, 0) -> 4018780 | G19: =TRUNC([1]단가대비표!P797,0) -> 0 | H19: =TRUNC(G19*D19, 0) -> 0 | I19: =TRUNC([1]단가대비표!V797,0) -> 0 | J19: =TRUNC(I19*D19, 0) -> 0 | K19: =TRUNC(E19+G19+I19, 0) -> 803756 | L19: =TRUNC(F19+H19+J19, 0) -> 4018780 | M19: 견적 | N19: 45C61727F3E315DA92B49D6357B297CF653A1 | Q19: 010101 | R19: F | S19: F | T19: T | AU19: 01010145C61727F3E315DA92B49D6357B297CF653A1 | AV19: 2932
A20: 소화기 | B20: 대형분말소화기 | C20: 개 | D20: 11 | E20: =TRUNC([1]단가대비표!O798,0) -> 160000 | F20: =TRUNC(E20*D20, 0) -> 1760000 | G20: =TRUNC([1]단가대비표!P798,0) -> 0 | H20: =TRUNC(G20*D20, 0) -> 0 | I20: =TRUNC([1]단가대비표!V798,0) -> 0 | J20: =TRUNC(I20*D20, 0) -> 0 | K20: =TRUNC(E20+G20+I20, 0) -> 160000 | L20: =TRUNC(F20+H20+J20, 0) -> 1760000 | M20: 견적 | N20: 45C61727F3E315DA92B49D6357B297CF653A0 | Q20: 010101 | R20: F | S20: F | T20: T | AU20: 01010145C61727F3E315DA92B49D6357B297CF653A0 | AV20: 2933
A24: [ 합 계 ] | F24: =SUM(F5:F23) -> 5828780 | H24: =SUM(H5:H23) -> 0 | J24: =SUM(J5:J23) -> 413629320 | L24: =SUM(L5:L23) -> 419458100 | N24: TOTAL
A25: 010102 가 설 공 사 | B25: 01.본관동 및 생활관, 후생관 | Q25: 010102
A26: 조립말비계 (강관) | B26: 3개월 이하 1단,2m | C26: 대 | D26: 62 | E26: =TRUNC([1]단가대비표!O200,0) -> 23445 | F26: =TRUNC(E26*D26, 0) -> 1453590 | G26: =TRUNC([1]단가대비표!P200,0) -> 74241 | H26: =TRUNC(G26*D26, 0) -> 4602942 | I26: =TRUNC([1]단가대비표!V200,0) -> 0 | J26: =TRUNC(I26*D26, 0) -> 0 | K26: =TRUNC(E26+G26+I26, 0) -> 97686 | L26: =TRUNC(F26+H26+J26, 0) -> 6056532 | M26: 노무비 75.9% | N26: 4477177097D615E61A0915A2BF7CF | Q26: 010102 | R26: F | S26: F | T26: T | AU26: 0101024477177097D615E61A0915A2BF7CF | AV26: 2961
A27: 시스템비계 | B27: 10m이하 | C27: ㎡ | D27: 10679 | E27: =TRUNC([1]단가대비표!O197,0) -> 372 | F27: =TRUNC(E27*D27, 0) -> 3972588 | G27: =TRUNC([1]단가대비표!P197,0) -> 12003 | H27: =TRUNC(G27*D27, 0) -> 128180037 | I27: =TRUNC([1]단가대비표!V197,0) -> 0 | J27: =TRUNC(I27*D27, 0) -> 0 | K27: =TRUNC(E27+G27+I27, 0) -> 12375 | L27: =TRUNC(F27+H27+J27, 0) -> 132152625 | M27: 노무비 96.9% | N27: 4477177097D615E61A472B48FEC09 | Q27: 010102 | R27: F | S27: F | T27: T | AU27: 0101024477177097D615E61A472B48FEC09 | AV27: 2962
A28: 강관동바리(0.6m초과) | B28: 3.5m이하, 3개월이하 | C28: ㎡ | D28: 58 | E28: =TRUNC([1]단가대비표!O201,0) -> 2637 | F28: =TRUNC(E28*D28, 0) -> 152946 | G28: =TRUNC([1]단가대비표!P201,0) -> 8828 | H28: =TRUNC(G28*D28, 0) -> 512024 | I28: =TRUNC([1]단가대비표!V201,0) -> 0 | J28: =TRUNC(I28*D28, 0) -> 0 | K28: =TRUNC(E28+G28+I28, 0) -> 11465 | L28: =TRUNC(F28+H28+J28, 0) -> 664970 | M28: 노무비 76.9% | N28: 4477177097D615D58854549FB67D6 | Q28: 010102 | R28: F | S28: F | T28: T | AU28: 0101024477177097D615D58854549FB67D6 | AV28: 2963
A29: 강관동바리(0.6m초과) | B29: 3.5-4.2m이하, 3개월이하 | C29: ㎡ | D29: 3505 | E29: =TRUNC([1]단가대비표!O202,0) -> 2665 | F29: =TRUNC(E29*D29, 0) -> 9340825 | G29: =TRUNC([1]단가대비표!P202,0) -> 10657 | H29: =TRUNC(G29*D29, 0) -> 37352785 | I29: =TRUNC([1]단가대비표!V202,0) -> 0 | J29: =TRUNC(I29*D29, 0) -> 0 | K29: =TRUNC(E29+G29+I29, 0) -> 13322 | L29: =TRUNC(F29+H29+J29, 0) -> 46693610 | M29: 노무비 79.9% | N29: 4477177097D615D58854548D0E224 | Q29: 010102 | R29: F | S29: F | T29: T | AU29: 0101024477177097D615D58854548D0E224 | AV29: 2964
A30: 시스템동바리 설치 및 해체 | B30: 10m 이하 | C30: 10공M3 | D30: 1036 | E30: =TRUNC([1]일위대가목록!E13,0) -> 6050 | F30: =TRUNC(E30*D30, 0) -> 6267800 | G30: =TRUNC([1]일위대가목록!F13,0) -> 175810 | H30: =TRUNC(G30*D30, 0) -> 182139160 | I30: =TRUNC([1]일위대가목록!G13,0) -> 7130 | J30: =TRUNC(I30*D30, 0) -> 7386680 | K30: =TRUNC(E30+G30+I30, 0) -> 188990 | L30: =TRUNC(F30+H30+J30, 0) -> 195793640 | M30: 호표 10 | N30: 4477177097D615D59AB4675ABFE73 | Q30: 010102 | R30: T | S30: F | T30: F | AU30: 0101024477177097D615D59AB4675ABFE73 | AV30: 2562
A31: 현장 정리 | B31: RC조 | C31: ㎡ | D31: 12235 | E31: =TRUNC([1]단가대비표!O206,0) -> 129 | F31: =TRUNC(E31*D31, 0) -> 1578315 | G31: =TRUNC([1]단가대비표!P206,0) -> 12741 | H31: =TRUNC(G31*D31, 0) -> 155886135 | I31: =TRUNC([1]단가대비표!V206,0) -> 0 | J31: =TRUNC(I31*D31, 0) -> 0 | K31: =TRUNC(E31+G31+I31, 0) -> 12870 | L31: =TRUNC(F31+H31+J31, 0) -> 157464450 | M31: 노무비 98.9% | N31: 44771770C33C155BF49FA7D6EE412 | Q31: 010102 | R31: F | S31: F | T31: T | AU31: 01010244771770C33C155BF49FA7D6EE412 | AV31: 2965
A32: 구조부 먹매김 | B32: 일반 | C32: M2 | D32: 12235 | E32: =TRUNC([1]일위대가목록!E14,0) -> 0 | F32: =TRUNC(E32*D32, 0) -> 0 | G32: =TRUNC([1]일위대가목록!F14,0) -> 897 | H32: =TRUNC(G32*D32, 0) -> 10974795 | I32: =TRUNC([1]일위대가목록!G14,0) -> 0 | J32: =TRUNC(I32*D32, 0) -> 0 | K32: =TRUNC(E32+G32+I32, 0) -> 897 | L32: =TRUNC(F32+H32+J32, 0) -> 10974795 | M32: 호표 11 | N32: 44771770C30015F0D8B80E316CC6B | Q32: 010102 | R32: T | S32: F | T32: F | AU32: 01010244771770C30015F0D8B80E316CC6B | AV32: 2565
A33: 거푸집 먹매김 | B33: 일반 | C33: M2 | D33: 12235 | E33: =TRUNC([1]일위대가목록!E15,0) -> 0 | F33: =TRUNC(E33*D33, 0) -> 0 | G33: =TRUNC([1]일위대가목록!F15,0) -> 2093 | H33: =TRUNC(G33*D33, 0) -> 25607855 | I33: =TRUNC([1]일위대가목록!G15,0) -> 0 | J33: =TRUNC(I33*D33, 0) -> 0 | K33: =TRUNC(E33+G33+I33, 0) -> 2093 | L33: =TRUNC(F33+H33+J33, 0) -> 25607855 | M33: 호표 12 | N33: 44771770C30015F0D8B8291F12DAA | Q33: 010102 | R33: T | S33: F | T33: F | AU33: 01010244771770C30015F0D8B8291F12DAA | AV33: 2566
A34: 건축물보양 - 콘크리트 | B34: 살수 | C34: M2 | D34: 16291 | E34: =TRUNC([1]일위대가목록!E16,0) -> 0 | F34: =TRUNC(E34*D34, 0) -> 0 | G34: =TRUNC([1]일위대가목록!F16,0) -> 512 | H34: =TRUNC(G34*D34, 0) -> 8340992 | I34: =TRUNC([1]일위대가목록!G16,0) -> 0 | J34: =TRUNC(I34*D34, 0) -> 0 | K34: =TRUNC(E34+G34+I34, 0) -> 512 | L34: =TRUNC(F34+H34+J34, 0) -> 8340992 | M34: 호표 13 | N34: 44771770C30015F0EAFD95BBD0ECD | Q34: 010102 | R34: T | S34: F | T34: F | AU34: 01010244771770C30015F0EAFD95BBD0ECD | AV34: 2567
A35: 건축물보양 - 석재면, 테라조면 | B35: 하드롱지 | C35: M2 | D35: 2325 | E35: =TRUNC([1]일위대가목록!E17,0) -> 329 | F35: =TRUNC(E35*D35, 0) -> 764925 | G35: =TRUNC([1]일위대가목록!F17,0) -> 936 | H35: =TRUNC(G35*D35, 0) -> 2176200 | I35: =TRUNC([1]일위대가목록!G17,0) -> 0 | J35: =TRUNC(I35*D35, 0) -> 0 | K35: =TRUNC(E35+G35+I35, 0) -> 1265 | L35: =TRUNC(F35+H35+J35, 0) -> 2941125 | M35: 호표 14 | N35: 44771770C30015F0EAC07EB8E4F31 | Q35: 010102 | R35: T | S35: F | T35: F | AU35: 01010244771770C30015F0EAC07EB8E4F31 | AV35: 2568
A36: 건축물보양 - 타일 | B36: 톱밥 | C36: M2 | D36: 4179 | E36: =TRUNC([1]일위대가목록!E18,0) -> 998 | F36: =TRUNC(E36*D36, 0) -> 4170642 | G36: =TRUNC([1]일위대가목록!F18,0) -> 175 | H36: =TRUNC(G36*D36, 0) -> 731325 | I36: =TRUNC([1]일위대가목록!G18,0) -> 0 | J36: =TRUNC(I36*D36, 0) -> 0 | K36: =TRUNC(E36+G36+I36, 0) -> 1173 | L36: =TRUNC(F36+H36+J36, 0) -> 4901967 | M36: 호표 15 | N36: 44771770C30015F0EAC06C3DD7B71 | Q36: 010102 | R36: T | S36: F | T36: F | AU36: 01010244771770C30015F0EAC06C3DD7B71 | AV36: 2569
A45: [ 합 계 ] | F45: =SUM(F26:F44) -> 27701631 | H45: =SUM(H26:H44) -> 556504250 | J45: =SUM(J26:J44) -> 7386680 | L45: =SUM(L26:L44) -> 591592561 | N45: TOTAL
A46: 010103 철근콘크리트공사 | B46: 01.본관동 및 생활관, 후생관 | Q46: 010103
A47: 철근콘크리트용봉강(도급) | B47: 철근콘크리트용봉강, 이형봉강(SD350/400), HD-10, 하치장상차도 | C47: TON | D47: 255.028 | E47: =TRUNC([1]단가대비표!O616,0) -> 0 | F47: =TRUNC(E47*D47, 0) -> 0 | G47: =TRUNC([1]단가대비표!P616,0) -> 0 | H47: =TRUNC(G47*D47, 0) -> 0 | I47: =TRUNC([1]단가대비표!V616,0) -> 0 | J47: =TRUNC(I47*D47, 0) -> 0 | K47: =TRUNC(E47+G47+I47, 0) -> 0 | L47: =TRUNC(F47+H47+J47, 0) -> 0 | N47: 45C61727F3E315DA92B49D6357B297EAC00A9 | Q47: 010103 | R47: F | S47: F | T47: T | AU47: 01010345C61727F3E315DA92B49D6357B297EAC00A9 | AV47: 2046
A48: 철근콘크리트용봉강(도급) | B48: 철근콘크리트용봉강, 이형봉강(SD350/400), HD-13, 하치장상차도 | C48: TON | D48: 128.581 | E48: =TRUNC([1]단가대비표!O617,0) -> 0 | F48: =TRUNC(E48*D48, 0) -> 0 | G48: =TRUNC([1]단가대비표!P617,0) -> 0 | H48: =TRUNC(G48*D48, 0) -> 0 | I48: =TRUNC([1]단가대비표!V617,0) -> 0 | J48: =TRUNC(I48*D48, 0) -> 0 | K48: =TRUNC(E48+G48+I48, 0) -> 0 | L48: =TRUNC(F48+H48+J48, 0) -> 0 | N48: 45C61727F3E315DA92B49D6357B297EAD108F | Q48: 010103 | R48: F | S48: F | T48: T | AU48: 01010345C61727F3E315DA92B49D6357B297EAD108F | AV48: 2047
A49: 철근콘크리트용봉강(도급) | B49: 철근콘크리트용봉강, 이형봉강(SD500), SH-16, 하치장상차도 | C49: TON | D49: 130.995 | E49: =TRUNC([1]단가대비표!O618,0) -> 0 | F49: =TRUNC(E49*D49, 0) -> 0 | G49: =TRUNC([1]단가대비표!P618,0) -> 0 | H49: =TRUNC(G49*D49, 0) -> 0 | I49: =TRUNC([1]단가대비표!V618,0) -> 0 | J49: =TRUNC(I49*D49, 0) -> 0 | K49: =TRUNC(E49+G49+I49, 0) -> 0 | L49: =TRUNC(F49+H49+J49, 0) -> 0 | N49: 45C61727F3E315DA92B49D6357B297EAD108E | Q49: 010103 | R49: F | S49: F | T49: T | AU49: 01010345C61727F3E315DA92B49D6357B297EAD108E | AV49: 2048
A50: 철근콘크리트용봉강(도급) | B50: 철근콘크리트용봉강, 이형봉강(SD500), SH-19, 하치장상차도 | C50: TON | D50: 275.089 | E50: =TRUNC([1]단가대비표!O619,0) -> 0 | F50: =TRUNC(E50*D50, 0) -> 0 | G50: =TRUNC([1]단가대비표!P619,0) -> 0 | H50: =TRUNC(G50*D50, 0) -> 0 | I50: =TRUNC([1]단가대비표!V619,0) -> 0 | J50: =TRUNC(I50*D50, 0) -> 0 | K50: =TRUNC(E50+G50+I50, 0) -> 0 | L50: =TRUNC(F50+H50+J50, 0) -> 0 | N50: 45C61727F3E315DA92B49D6357B297EAD108D | Q50: 010103 | R50: F | S50: F | T50: T | AU50: 01010345C61727F3E315DA92B49D6357B297EAD108D | AV50: 2049
A51: 철근콘크리트용봉강(도급) | B51: 철근콘크리트용봉강, 이형봉강(SD500), SH-22, 하치장상차도 | C51: TON | D51: 459.523 | E51: =TRUNC([1]단가대비표!O620,0) -> 0 | F51: =TRUNC(E51*D51, 0) -> 0 | G51: =TRUNC([1]단가대비표!P620,0) -> 0 | H51: =TRUNC(G51*D51, 0) -> 0 | I51: =TRUNC([1]단가대비표!V620,0) -> 0 | J51: =TRUNC(I51*D51, 0) -> 0 | K51: =TRUNC(E51+G51+I51, 0) -> 0 | L51: =TRUNC(F51+H51+J51, 0) -> 0 | N51: 45C61727F3E315DA92B49D6357B297EAD108C | Q51: 010103 | R51: F | S51: F | T51: T | AU51: 01010345C61727F3E315DA92B49D6357B297EAD108C | AV51: 2050
A52: 철근콘크리트용봉강(도급) | B52: 철근콘크리트용봉강, 이형봉강(SD500), SH-25, 하치장상차도 | C52: TON | D52: 58.408 | E52: =TRUNC([1]단가대비표!O621,0) -> 0 | F52: =TRUNC(E52*D52, 0) -> 0 | G52: =TRUNC([1]단가대비표!P621,0) -> 0 | H52: =TRUNC(G52*D52, 0) -> 0 | I52: =TRUNC([1]단가대비표!V621,0) -> 0 | J52: =TRUNC(I52*D52, 0) -> 0 | K52: =TRUNC(E52+G52+I52, 0) -> 0 | L52: =TRUNC(F52+H52+J52, 0) -> 0 | N52: 45C61727F3E315DA92B49D6357B297EAD108B | Q52: 010103 | R52: F | S52: F | T52: T | AU52: 01010345C61727F3E315DA92B49D6357B297EAD108B | AV52: 2051
A53: 철근 공장가공 및 현장조립 | B53: Type- 2 | C53: TON | D53: 1269.539 | E53: =TRUNC([1]일위대가목록!E19,0) -> 88376 | F53: =TRUNC(E53*D53, 0) -> 112196778 | G53: =TRUNC([1]일위대가목록!F19,0) -> 542881 | H53: =TRUNC(G53*D53, 0) -> 689208601 | I53: =TRUNC([1]일위대가목록!G19,0) -> 0 | J53: =TRUNC(I53*D53, 0) -> 0 | K53: =TRUNC(E53+G53+I53, 0) -> 631257 | L53: =TRUNC(F53+H53+J53, 0) -> 801405379 | M53: 호표 16 | N53: 4477172846F215F26BCBEA1E4DE4E | Q53: 010103 | R53: T | S53: F | T53: F | AU53: 0101034477172846F215F26BCBEA1E4DE4E | AV53: 2911
A54: 철근시공도 제작 | B54: (철근공장가공) | C54: TON | D54: 1269.539 | E54: =TRUNC([1]단가대비표!O799,0) -> 9000 | F54: =TRUNC(E54*D54, 0) -> 11425851 | G54: =TRUNC([1]단가대비표!P799,0) -> 0 | H54: =TRUNC(G54*D54, 0) -> 0 | I54: =TRUNC([1]단가대비표!V799,0) -> 0 | J54: =TRUNC(I54*D54, 0) -> 0 | K54: =TRUNC(E54+G54+I54, 0) -> 9000 | L54: =TRUNC(F54+H54+J54, 0) -> 11425851 | N54: 45C61727F3E315DA92B49D6357B297CF653A4 | Q54: 010103 | R54: F | S54: F | T54: T | AU54: 01010345C61727F3E315DA92B49D6357B297CF653A4 | AV54: 2967
A55: 철근하차 및 선별 | B55: (철근공장가공) | C55: TON | D55: 1269.539 | E55: =TRUNC([1]단가대비표!O800,0) -> 0 | F55: =TRUNC(E55*D55, 0) -> 0 | G55: =TRUNC([1]단가대비표!P800,0) -> 9730 | H55: =TRUNC(G55*D55, 0) -> 12352614 | I55: =TRUNC([1]단가대비표!V800,0) -> 2258 | J55: =TRUNC(I55*D55, 0) -> 2866619 | K55: =TRUNC(E55+G55+I55, 0) -> 11988 | L55: =TRUNC(F55+H55+J55, 0) -> 15219233 | N55: 45C61727F3E315DA92B49D6357B297CF653A7 | Q55: 010103 | R55: F | S55: F | T55: T | AU55: 01010345C61727F3E315DA92B49D6357B297CF653A7 | AV55: 2968
A56: 레미콘(도급) | B56: 레미콘, 인천(내륙), 25-18-80, 버림 | C56: M3 | D56: 283 | E56: =TRUNC([1]단가대비표!O622,0) -> 0 | F56: =TRUNC(E56*D56, 0) -> 0 | G56: =TRUNC([1]단가대비표!P622,0) -> 0 | H56: =TRUNC(G56*D56, 0) -> 0 | I56: =TRUNC([1]단가대비표!V622,0) -> 0 | J56: =TRUNC(I56*D56, 0) -> 0 | K56: =TRUNC(E56+G56+I56, 0) -> 0 | L56: =TRUNC(F56+H56+J56, 0) -> 0 | N56: 45C61727F3E315DA92B49D6357B297EAD1196 | Q56: 010103 | R56: F | S56: F | T56: T | AU56: 01010345C61727F3E315DA92B49D6357B297EAD1196 | AV56: 2058
A57: 레미콘(도급) | B57: 레미콘, 인천(내륙), 25-18-120 | C57: M3 | D57: 2591 | E57: =TRUNC([1]단가대비표!O623,0) -> 0 | F57: =TRUNC(E57*D57, 0) -> 0 | G57: =TRUNC([1]단가대비표!P623,0) -> 0 | H57: =TRUNC(G57*D57, 0) -> 0 | I57: =TRUNC([1]단가대비표!V623,0) -> 0 | J57: =TRUNC(I57*D57, 0) -> 0 | K57: =TRUNC(E57+G57+I57, 0) -> 0 | L57: =TRUNC(F57+H57+J57, 0) -> 0 | N57: 45C61727F3E315DA92B49D6357B297EAD1197 | Q57: 010103 | R57: F | S57: F | T57: T | AU57: 01010345C61727F3E315DA92B49D6357B297EAD1197 | AV57: 2059
A58: 레미콘(도급) | B58: 레미콘, 인천(내륙), 25-27-150 | C58: M3 | D58: 11557 | E58: =TRUNC([1]단가대비표!O624,0) -> 0 | F58: =TRUNC(E58*D58, 0) -> 0 | G58: =TRUNC([1]단가대비표!P624,0) -> 0 | H58: =TRUNC(G58*D58, 0) -> 0 | I58: =TRUNC([1]단가대비표!V624,0) -> 0 | J58: =TRUNC(I58*D58, 0) -> 0 | K58: =TRUNC(E58+G58+I58, 0) -> 0 | L58: =TRUNC(F58+H58+J58, 0) -> 0 | N58: 45C61727F3E315DA92B49D6357B297EAD1195 | Q58: 010103 | R58: F | S58: F | T58: T | AU58: 01010345C61727F3E315DA92B49D6357B297EAD1195 | AV58: 2061
A59: 무근콘크리트 타설 | B59: 슬럼프=8∼12, 1일 타설량=300m3이상, 붐타설 | C59: M3 | D59: 2817 | E59: =TRUNC([1]일위대가목록!E20,0) -> 1610 | F59: =TRUNC(E59*D59, 0) -> 4535370 | G59: =TRUNC([1]일위대가목록!F20,0) -> 10379 | H59: =TRUNC(G59*D59, 0) -> 29237643 | I59: =TRUNC([1]일위대가목록!G20,0) -> 3347 | J59: =TRUNC(I59*D59, 0) -> 9428499 | K59: =TRUNC(E59+G59+I59, 0) -> 15336 | L59: =TRUNC(F59+H59+J59, 0) -> 43201512 | M59: 호표 17 | N59: 447717280F5E15D2408BA5D4E8BB5 | Q59: 010103 | R59: T | S59: F | T59: F | AU59: 010103447717280F5E15D2408BA5D4E8BB5 | AV59: 2572
A60: 철근콘크리트 타설 | B60: 슬럼프=15, 1일 타설량=300m3 이상, 붐타설 | C60: M3 | D60: 11442 | E60: =TRUNC([1]일위대가목록!E21,0) -> 1638 | F60: =TRUNC(E60*D60, 0) -> 18741996 | G60: =TRUNC([1]일위대가목록!F21,0) -> 11011 | H60: =TRUNC(G60*D60, 0) -> 125987862 | I60: =TRUNC([1]일위대가목록!G21,0) -> 3385 | J60: =TRUNC(I60*D60, 0) -> 38731170 | K60: =TRUNC(E60+G60+I60, 0) -> 16034 | L60: =TRUNC(F60+H60+J60, 0) -> 183461028 | M60: 호표 18 | N60: 447717280F6F1541AA7102B581ED4 | Q60: 010103 | R60: T | S60: F | T60: F | AU60: 010103447717280F6F1541AA7102B581ED4 | AV60: 2573
A61: 섬유보강재 | C61: M3 | D61: 580 | E61: =TRUNC([1]단가대비표!O90,0) -> 7000 | F61: =TRUNC(E61*D61, 0) -> 4060000 | G61: =TRUNC([1]단가대비표!P90,0) -> 0 | H61: =TRUNC(G61*D61, 0) -> 0 | I61: =TRUNC([1]단가대비표!V90,0) -> 0 | J61: =TRUNC(I61*D61, 0) -> 0 | K61: =TRUNC(E61+G61+I61, 0) -> 7000 | L61: =TRUNC(F61+H61+J61, 0) -> 4060000 | N61: 435C17C09A7F158126878FF66CCDE0B22B77E | Q61: 010103 | R61: F | S61: F | T61: T | AU61: 010103435C17C09A7F158126878FF66CCDE0B22B77E | AV61: 2062
A62: 와이어메쉬 | C62: ㎡ | D62: 4229 | E62: =TRUNC([1]단가대비표!O211,0) -> 21 | F62: =TRUNC(E62*D62, 0) -> 88809 | G62: =TRUNC([1]단가대비표!P211,0) -> 985 | H62: =TRUNC(G62*D62, 0) -> 4165565 | I62: =TRUNC([1]단가대비표!V211,0) -> 0 | J62: =TRUNC(I62*D62, 0) -> 0 | K62: =TRUNC(E62+G62+I62, 0) -> 1006 | L62: =TRUNC(F62+H62+J62, 0) -> 4254374 | M62: 노무비 97.9% | N62: 4477172846AA15F996FFDE9BB150F | Q62: 010103 | R62: F | S62: F | T62: T | AU62: 0101034477172846AA15F996FFDE9BB150F | AV62: 2966
A63: 합판거푸집 설치 및 해체 | B63: 3회, 수직고 7m까지 | C63: M2 | D63: 12474 | E63: =TRUNC([1]일위대가목록!E22,0) -> 18262 | F63: =TRUNC(E63*D63, 0) -> 227800188 | G63: =TRUNC([1]일위대가목록!F22,0) -> 37076 | H63: =TRUNC(G63*D63, 0) -> 462486024 | I63: =TRUNC([1]일위대가목록!G22,0) -> 0 | J63: =TRUNC(I63*D63, 0) -> 0 | K63: =TRUNC(E63+G63+I63, 0) -> 55338 | L63: =TRUNC(F63+H63+J63, 0) -> 690286212 | M63: 호표 19 | N63: 44771728721215946E9C34B560487 | Q63: 010103 | R63: T | S63: F | T63: F | AU63: 01010344771728721215946E9C34B560487 | AV63: 2574
A64: 합판거푸집 설치 및 해체 | B64: 계단실 | C64: M2 | D64: 800 | E64: =TRUNC([1]일위대가목록!E23,0) -> 18262 | F64: =TRUNC(E64*D64, 0) -> 14609600 | G64: =TRUNC([1]일위대가목록!F23,0) -> 37076 | H64: =TRUNC(G64*D64, 0) -> 29660800 | I64: =TRUNC([1]일위대가목록!G23,0) -> 0 | J64: =TRUNC(I64*D64, 0) -> 0 | K64: =TRUNC(E64+G64+I64, 0) -> 55338 | L64: =TRUNC(F64+H64+J64, 0) -> 44270400 | M64: 호표 20 | N64: 44771728721215946E9C34B5604F2 | Q64: 010103 | R64: T | S64: F | T64: F | AU64: 01010344771728721215946E9C34B5604F2 | AV64: 2575
A65: 합판거푸집 설치 및 해체 | B65: 4회, 수직고 7m까지 | C65: M2 | D65: 961 | E65: =TRUNC([1]일위대가목록!E24,0) -> 14961 | F65: =TRUNC(E65*D65, 0) -> 14377521 | G65: =TRUNC([1]일위대가목록!F24,0) -> 25472 | H65: =TRUNC(G65*D65, 0) -> 24478592 | I65: =TRUNC([1]일위대가목록!G24,0) -> 0 | J65: =TRUNC(I65*D65, 0) -> 0 | K65: =TRUNC(E65+G65+I65, 0) -> 40433 | L65: =TRUNC(F65+H65+J65, 0) -> 38856113 | M65: 호표 21 | N65: 44771728721215946E9C2A5F324A1 | Q65: 010103 | R65: T | S65: F | T65: F | AU65: 01010344771728721215946E9C2A5F324A1 | AV65: 2576
A66: 유로폼 설치 및 해체 | B66: 보통, 수직고 7m까지 | C66: M2 | D66: 24437 | E66: =TRUNC([1]일위대가목록!E25,0) -> 5626 | F66: =TRUNC(E66*D66, 0) -> 137482562 | G66: =TRUNC([1]일위대가목록!F25,0) -> 29534 | H66: =TRUNC(G66*D66, 0) -> 721722358 | I66: =TRUNC([1]일위대가목록!G25,0) -> 0 | J66: =TRUNC(I66*D66, 0) -> 0 | K66: =TRUNC(E66+G66+I66, 0) -> 35160 | L66: =TRUNC(F66+H66+J66, 0) -> 859204920 | M66: 호표 22 | N66: 44771728727B151AA582BDB6C49C1 | Q66: 010103 | R66: T | S66: F | T66: F | AU66: 01010344771728727B151AA582BDB6C49C1 | AV66: 2578
A67: 지수판설치 - 소켓 연결 | B67: 200*5t | C67: M | D67: 580 | E67: =TRUNC([1]일위대가목록!E26,0) -> 3026 | F67: =TRUNC(E67*D67, 0) -> 1755080 | G67: =TRUNC([1]일위대가목록!F26,0) -> 21338 | H67: =TRUNC(G67*D67, 0) -> 12376040 | I67: =TRUNC([1]일위대가목록!G26,0) -> 0 | J67: =TRUNC(I67*D67, 0) -> 0 | K67: =TRUNC(E67+G67+I67, 0) -> 24364 | L67: =TRUNC(F67+H67+J67, 0) -> 14131120 | M67: 호표 23 | N67: 44771728E56015282A1C380FB9A95 | Q67: 010103 | R67: T | S67: F | T67: F | AU67: 01010344771728E56015282A1C380FB9A95 | AV67: 2969
A68: 리브라스 설치 | C68: M | D68: 221 | E68: =TRUNC([1]일위대가목록!E27,0) -> 335 | F68: =TRUNC(E68*D68, 0) -> 74035 | G68: =TRUNC([1]일위대가목록!F27,0) -> 2267 | H68: =TRUNC(G68*D68, 0) -> 501007 | I68: =TRUNC([1]일위대가목록!G27,0) -> 0 | J68: =TRUNC(I68*D68, 0) -> 0 | K68: =TRUNC(E68+G68+I68, 0) -> 2602 | L68: =TRUNC(F68+H68+J68, 0) -> 575042 | M68: 호표 24 | N68: 44771728E56015282A1C3872AAA56 | Q68: 010103 | R68: T | S68: F | T68: F | AU68: 01010344771728E56015282A1C3872AAA56 | AV68: 2064
E69: =TRUNC([1]단가대비표!O487,0) -> 0 | F69: =TRUNC(E69*D69, 0) -> 0 | G69: =TRUNC([1]단가대비표!P487,0) -> 0 | H69: =TRUNC(G69*D69, 0) -> 0 | I69: =TRUNC([1]단가대비표!V487,0) -> 0 | J69: =TRUNC(I69*D69, 0) -> 0 | K69: =TRUNC(E69+G69+I69, 0) -> 0 | L69: =TRUNC(F69+H69+J69, 0) -> 0 | N69: 45C61727F3E315DA92B49D6357B297EA17CCB | Q69: 010103 | R69: F | S69: F | T69: T | AU69: 01010345C61727F3E315DA92B49D6357B297EA17CCB | AV69: 1702
A70: [POST TENSION공사] | E70: =TRUNC([1]단가대비표!O488,0) -> 0 | F70: =TRUNC(E70*D70, 0) -> 0 | G70: =TRUNC([1]단가대비표!P488,0) -> 0 | H70: =TRUNC(G70*D70, 0) -> 0 | I70: =TRUNC([1]단가대비표!V488,0) -> 0 | J70: =TRUNC(I70*D70, 0) -> 0 | K70: =TRUNC(E70+G70+I70, 0) -> 0 | L70: =TRUNC(F70+H70+J70, 0) -> 0 | N70: 45C61727F3E315DA92B49D6357B297EA17CCA | Q70: 010103 | R70: F | S70: F | T70: T | AU70: 01010345C61727F3E315DA92B49D6357B297EA17CCA | AV70: 1703
A71: 강연선가공 | B71: Unbonded15.2mm | C71: Ton | D71: 8.91 | E71: =TRUNC([1]단가대비표!O489,0) -> 2500000 | F71: =TRUNC(E71*D71, 0) -> 22275000 | G71: =TRUNC([1]단가대비표!P489,0) -> 600000 | H71: =TRUNC(G71*D71, 0) -> 5346000 | I71: =TRUNC([1]단가대비표!V489,0) -> 100000 | J71: =TRUNC(I71*D71, 0) -> 891000 | K71: =TRUNC(E71+G71+I71, 0) -> 3200000 | L71: =TRUNC(F71+H71+J71, 0) -> 28512000 | M71: 견적 | N71: 45C61727F3E315DA92B49D6357B297EA17CCD | Q71: 010103 | R71: F | S71: F | T71: T | AU71: 01010345C61727F3E315DA92B49D6357B297EA17CCD | AV71: 1704
A72: 강연선설치 | B72: Unbonded15.2mm | C72: Ton | D72: 8.91 | E72: =TRUNC([1]단가대비표!O490,0) -> 70000 | F72: =TRUNC(E72*D72, 0) -> 623700 | G72: =TRUNC([1]단가대비표!P490,0) -> 900000 | H72: =TRUNC(G72*D72, 0) -> 8019000 | I72: =TRUNC([1]단가대비표!V490,0) -> 80000 | J72: =TRUNC(I72*D72, 0) -> 712800 | K72: =TRUNC(E72+G72+I72, 0) -> 1050000 | L72: =TRUNC(F72+H72+J72, 0) -> 9355500 | M72: 견적 | N72: 45C61727F3E315DA92B49D6357B297EA17CCC | Q72: 010103 | R72: F | S72: F | T72: T | AU72: 01010345C61727F3E315DA92B49D6357B297EA17CCC | AV72: 1705
A73: 강연선긴장 | B73: 인장단15.2mm | C73: EA | D73: 386 | E73: =TRUNC([1]단가대비표!O491,0) -> 5000 | F73: =TRUNC(E73*D73, 0) -> 1930000 | G73: =TRUNC([1]단가대비표!P491,0) -> 6500 | H73: =TRUNC(G73*D73, 0) -> 2509000 | I73: =TRUNC([1]단가대비표!V491,0) -> 3500 | J73: =TRUNC(I73*D73, 0) -> 1351000 | K73: =TRUNC(E73+G73+I73, 0) -> 15000 | L73: =TRUNC(F73+H73+J73, 0) -> 5790000 | M73: 견적 | N73: 45C61727F3E315DA92B49D6357B297EA17CCF | Q73: 010103 | R73: F | S73: F | T73: T | AU73: 01010345C61727F3E315DA92B49D6357B297EA17CCF | AV73: 1706
A74: 정착구조립 | B74: 인장/고정 15.2mm | C74: EA | D74: 772 | E74: =TRUNC([1]단가대비표!O492,0) -> 32000 | F74: =TRUNC(E74*D74, 0) -> 24704000 | G74: =TRUNC([1]단가대비표!P492,0) -> 8500 | H74: =TRUNC(G74*D74, 0) -> 6562000 | I74: =TRUNC([1]단가대비표!V492,0) -> 5500 | J74: =TRUNC(I74*D74, 0) -> 4246000 | K74: =TRUNC(E74+G74+I74, 0) -> 46000 | L74: =TRUNC(F74+H74+J74, 0) -> 35512000 | M74: 견적 | N74: 45C61727F3E315DA92B49D6357B297EA17CCE | Q74: 010103 | R74: F | S74: F | T74: T | AU74: 01010345C61727F3E315DA92B49D6357B297EA17CCE | AV74: 1707
A75: 강연선절단및마감 | B75: 15.2mm | C75: EA | D75: 386 | E75: =TRUNC([1]단가대비표!O493,0) -> 4500 | F75: =TRUNC(E75*D75, 0) -> 1737000 | G75: =TRUNC([1]단가대비표!P493,0) -> 6000 | H75: =TRUNC(G75*D75, 0) -> 2316000 | I75: =TRUNC([1]단가대비표!V493,0) -> 3000 | J75: =TRUNC(I75*D75, 0) -> 1158000 | K75: =TRUNC(E75+G75+I75, 0) -> 13500 | L75: =TRUNC(F75+H75+J75, 0) -> 5211000 | M75: 견적 | N75: 45C61727F3E315DA92B49D6357B297EA17CC1 | Q75: 010103 | R75: F | S75: F | T75: T | AU75: 01010345C61727F3E315DA92B49D6357B297EA17CC1 | AV75: 1708
A76: recess 되메우기 | C76: EA | D76: 386 | E76: =TRUNC([1]단가대비표!O494,0) -> 4000 | F76: =TRUNC(E76*D76, 0) -> 1544000 | G76: =TRUNC([1]단가대비표!P494,0) -> 5500 | H76: =TRUNC(G76*D76, 0) -> 2123000 | I76: =TRUNC([1]단가대비표!V494,0) -> 2500 | J76: =TRUNC(I76*D76, 0) -> 965000 | K76: =TRUNC(E76+G76+I76, 0) -> 12000 | L76: =TRUNC(F76+H76+J76, 0) -> 4632000 | M76: 견적 | N76: 45C61727F3E315DA92B49D6357B297EA17CC0 | Q76: 010103 | R76: F | S76: F | T76: T | AU76: 01010345C61727F3E315DA92B49D6357B297EA17CC0 | AV76: 1709
A77: 지지철근 및 보강철근 | B77: 원청사 가공 후 지원 | C77: Ton | D77: 3 | E77: =TRUNC([1]단가대비표!O495,0) -> 0 | F77: =TRUNC(E77*D77, 0) -> 0 | G77: =TRUNC([1]단가대비표!P495,0) -> 0 | H77: =TRUNC(G77*D77, 0) -> 0 | I77: =TRUNC([1]단가대비표!V495,0) -> 0 | J77: =TRUNC(I77*D77, 0) -> 0 | K77: =TRUNC(E77+G77+I77, 0) -> 0 | L77: =TRUNC(F77+H77+J77, 0) -> 0 | N77: 45C61727F3E315DA92B49D6357B297EA17B23 | Q77: 010103 | R77: F | S77: F | T77: T | AU77: 01010345C61727F3E315DA92B49D6357B297EA17B23 | AV77: 1710
E78: =TRUNC([1]단가대비표!O760,0) -> 0 | F78: =TRUNC(E78*D78, 0) -> 0 | G78: =TRUNC([1]단가대비표!P760,0) -> 0 | H78: =TRUNC(G78*D78, 0) -> 0 | I78: =TRUNC([1]단가대비표!V760,0) -> 0 | J78: =TRUNC(I78*D78, 0) -> 0 | K78: =TRUNC(E78+G78+I78, 0) -> 0 | L78: =TRUNC(F78+H78+J78, 0) -> 0 | N78: 45C61727F3E315DA92B49D6357B297CF77E22 | Q78: 010103 | R78: F | S78: F | T78: T | AU78: 01010345C61727F3E315DA92B49D6357B297CF77E22 | AV78: 2579
A79: [덱플레이트 30191896]-본관동(도급) | E79: =TRUNC([1]단가대비표!O470,0) -> 0 | F79: =TRUNC(E79*D79, 0) -> 0 | G79: =TRUNC([1]단가대비표!P470,0) -> 0 | H79: =TRUNC(G79*D79, 0) -> 0 | I79: =TRUNC([1]단가대비표!V470,0) -> 0 | J79: =TRUNC(I79*D79, 0) -> 0 | K79: =TRUNC(E79+G79+I79, 0) -> 0 | L79: =TRUNC(F79+H79+J79, 0) -> 0 | N79: 45C61727F3E315DA92B49D6357B297EA05F24 | Q79: 010103 | R79: F | S79: F | T79: T | AU79: 01010345C61727F3E315DA92B49D6357B297EA05F24 | AV79: 1632
A80: GC DECKPLATE(도급) | B80: GC1A-5(상부근D10,하부근D7,래티스?5) | C80: ㎡ | D80: 6255 | E80: =TRUNC([1]단가대비표!O471,0) -> 0 | F80: =TRUNC(E80*D80, 0) -> 0 | G80: =TRUNC([1]단가대비표!P471,0) -> 0 | H80: =TRUNC(G80*D80, 0) -> 0 | I80: =TRUNC([1]단가대비표!V471,0) -> 0 | J80: =TRUNC(I80*D80, 0) -> 0 | K80: =TRUNC(E80+G80+I80, 0) -> 0 | L80: =TRUNC(F80+H80+J80, 0) -> 0 | M80: 23513444 | N80: 45C61727F3E315DA92B49D6357B297EA05F2B | Q80: 010103 | R80: F | S80: F | T80: T | AU80: 01010345C61727F3E315DA92B49D6357B297EA05F2B | AV80: 1633
A81: GC DECKPLATE(도급) | B81: GC6-5(상부근D12,하부근D8,래티스?5) | C81: ㎡ | D81: 874 | E81: =TRUNC([1]단가대비표!O472,0) -> 0 | F81: =TRUNC(E81*D81, 0) -> 0 | G81: =TRUNC([1]단가대비표!P472,0) -> 0 | H81: =TRUNC(G81*D81, 0) -> 0 | I81: =TRUNC([1]단가대비표!V472,0) -> 0 | J81: =TRUNC(I81*D81, 0) -> 0 | K81: =TRUNC(E81+G81+I81, 0) -> 0 | L81: =TRUNC(F81+H81+J81, 0) -> 0 | M81: 23513466 | N81: 45C61727F3E315DA92B49D6357B297EA05F2A | Q81: 010103 | R81: F | S81: F | T81: T | AU81: 01010345C61727F3E315DA92B49D6357B297EA05F2A | AV81: 1634
A82: GC DECKPLATE(도급) | B82: GC5-5(상부근D13,하부근D13,래티스?5) | C82: ㎡ | D82: 159 | E82: =TRUNC([1]단가대비표!O473,0) -> 0 | F82: =TRUNC(E82*D82, 0) -> 0 | G82: =TRUNC([1]단가대비표!P473,0) -> 0 | H82: =TRUNC(G82*D82, 0) -> 0 | I82: =TRUNC([1]단가대비표!V473,0) -> 0 | J82: =TRUNC(I82*D82, 0) -> 0 | K82: =TRUNC(E82+G82+I82, 0) -> 0 | L82: =TRUNC(F82+H82+J82, 0) -> 0 | M82: 23513450 | N82: 45C61727F3E315DA92B49D6357B297EA050BE | Q82: 010103 | R82: F | S82: F | T82: T | AU82: 01010345C61727F3E315DA92B49D6357B297EA050BE | AV82: 1635
A83: 데크 설치비 | B83: 현장철근별도, 4.3m 이하 | C83: M2 | D83: 7288 | E83: =TRUNC([1]단가대비표!O898,0) -> 8000 | F83: =TRUNC(E83*D83, 0) -> 58304000 | G83: =TRUNC([1]단가대비표!P898,0) -> 0 | H83: =TRUNC(G83*D83, 0) -> 0 | I83: =TRUNC([1]단가대비표!V898,0) -> 0 | J83: =TRUNC(I83*D83, 0) -> 0 | K83: =TRUNC(E83+G83+I83, 0) -> 8000 | L83: =TRUNC(F83+H83+J83, 0) -> 58304000 | M83: 견적 | N83: 45C61727F3E315DA92B49D6357B297CF2F495 | Q83: 010103 | R83: F | S83: F | T83: T | AU83: 01010345C61727F3E315DA92B49D6357B297CF2F495 | AV83: 3483
A87: [ 합 계 ] | F87: =SUM(F47:F86) -> 658265490 | H87: =SUM(H47:H86) -> 2139052106 | J87: =SUM(J47:J86) -> 60350088 | L87: =SUM(L47:L86) -> 2857667684 | N87: TOTAL
A88: 010104 철 골 공 사 | B88: 01.본관동 및 생활관, 후생관 | Q88: 010104
A89: H형강(도급) | B89: SS275, 200*200*8*12mm, 현장도착도 | C89: TON | D89: 0.48 | E89: =TRUNC([1]단가대비표!O53,0) -> 1270000 | F89: =TRUNC(E89*D89, 0) -> 609600 | G89: =TRUNC([1]단가대비표!P53,0) -> 0 | H89: =TRUNC(G89*D89, 0) -> 0 | I89: =TRUNC([1]단가대비표!V53,0) -> 0 | J89: =TRUNC(I89*D89, 0) -> 0 | K89: =TRUNC(E89+G89+I89, 0) -> 1270000 | L89: =TRUNC(F89+H89+J89, 0) -> 609600 | M89: 49.9kg/m | N89: 435C17C09A6D1533C2396F2DF37ED34AFA10D | Q89: 010104 | R89: F | S89: F | T89: T | AU89: 010104435C17C09A6D1533C2396F2DF37ED34AFA10D | AV89: 54
A90: H형강(도급) | B90: SS275, 300*150*6.5*9mm, 현장도착도 | C90: TON | D90: 0.388 | E90: =TRUNC([1]단가대비표!O54,0) -> 1270000 | F90: =TRUNC(E90*D90, 0) -> 492760 | G90: =TRUNC([1]단가대비표!P54,0) -> 0 | H90: =TRUNC(G90*D90, 0) -> 0 | I90: =TRUNC([1]단가대비표!V54,0) -> 0 | J90: =TRUNC(I90*D90, 0) -> 0 | K90: =TRUNC(E90+G90+I90, 0) -> 1270000 | L90: =TRUNC(F90+H90+J90, 0) -> 492760 | M90: 36.7kg/m | N90: 435C17C09A6D1533C2396F2DF37ED34AFA333 | Q90: 010104 | R90: F | S90: F | T90: T | AU90: 010104435C17C09A6D1533C2396F2DF37ED34AFA333 | AV90: 55
A91: H형강(도급) | B91: SHN275, 300*150*6.5*9mm | C91: TON | D91: 3.003 | E91: =TRUNC([1]단가대비표!O55,0) -> 1270000 | F91: =TRUNC(E91*D91, 0) -> 3813810 | G91: =TRUNC([1]단가대비표!P55,0) -> 0 | H91: =TRUNC(G91*D91, 0) -> 0 | I91: =TRUNC([1]단가대비표!V55,0) -> 0 | J91: =TRUNC(I91*D91, 0) -> 0 | K91: =TRUNC(E91+G91+I91, 0) -> 1270000 | L91: =TRUNC(F91+H91+J91, 0) -> 3813810 | M91: 36.7kg/m | N91: 435C17C09A6D1533C2396F2DF37ED34AFA345 | Q91: 010104 | R91: F | S91: F | T91: T | AU91: 010104435C17C09A6D1533C2396F2DF37ED34AFA345 | AV91: 2065
A92: H형강(도급) | B92: SHN275, 300*150*10*15mm | C92: TON | D92: 5.818 | E92: =TRUNC([1]단가대비표!O56,0) -> 1410000 | F92: =TRUNC(E92*D92, 0) -> 8203380 | G92: =TRUNC([1]단가대비표!P56,0) -> 0 | H92: =TRUNC(G92*D92, 0) -> 0 | I92: =TRUNC([1]단가대비표!V56,0) -> 0 | J92: =TRUNC(I92*D92, 0) -> 0 | K92: =TRUNC(E92+G92+I92, 0) -> 1410000 | L92: =TRUNC(F92+H92+J92, 0) -> 8203380 | M92: 36.7kg/m | N92: 435C17C09A6D1533C2396F2DF37ED34AFA344 | Q92: 010104 | R92: F | S92: F | T92: T | AU92: 010104435C17C09A6D1533C2396F2DF37ED34AFA344 | AV92: 2066
A93: H형강(도급) | B93: SHN275, 300*300*10*15mm | C93: TON | D93: 7.729 | E93: =TRUNC([1]단가대비표!O57,0) -> 1270000 | F93: =TRUNC(E93*D93, 0) -> 9815830 | G93: =TRUNC([1]단가대비표!P57,0) -> 0 | H93: =TRUNC(G93*D93, 0) -> 0 | I93: =TRUNC([1]단가대비표!V57,0) -> 0 | J93: =TRUNC(I93*D93, 0) -> 0 | K93: =TRUNC(E93+G93+I93, 0) -> 1270000 | L93: =TRUNC(F93+H93+J93, 0) -> 9815830 | M93: 94.0kg/m | N93: 435C17C09A6D1533C2396F2DF37ED34AFA347 | Q93: 010104 | R93: F | S93: F | T93: T | AU93: 010104435C17C09A6D1533C2396F2DF37ED34AFA347 | AV93: 2067
A94: H형강(도급) | B94: SS275, 400*200*8*13mm, 현장도착도 | C94: TON | D94: 0.938 | E94: =TRUNC([1]단가대비표!O58,0) -> 1270000 | F94: =TRUNC(E94*D94, 0) -> 1191260 | G94: =TRUNC([1]단가대비표!P58,0) -> 0 | H94: =TRUNC(G94*D94, 0) -> 0 | I94: =TRUNC([1]단가대비표!V58,0) -> 0 | J94: =TRUNC(I94*D94, 0) -> 0 | K94: =TRUNC(E94+G94+I94, 0) -> 1270000 | L94: =TRUNC(F94+H94+J94, 0) -> 1191260 | M94: 66.0kg/m | N94: 435C17C09A6D1533C2396F2DF37ED34AFA5FC | Q94: 010104 | R94: F | S94: F | T94: T | AU94: 010104435C17C09A6D1533C2396F2DF37ED34AFA5FC | AV94: 59
A95: H형강(도급) | B95: SHN275, 150*150*5.5*8mm | C95: TON | D95: 0.288 | E95: =TRUNC([1]단가대비표!O62,0) -> 1270000 | F95: =TRUNC(E95*D95, 0) -> 365760 | G95: =TRUNC([1]단가대비표!P62,0) -> 0 | H95: =TRUNC(G95*D95, 0) -> 0 | I95: =TRUNC([1]단가대비표!V62,0) -> 0 | J95: =TRUNC(I95*D95, 0) -> 0 | K95: =TRUNC(E95+G95+I95, 0) -> 1270000 | L95: =TRUNC(F95+H95+J95, 0) -> 365760 | N95: 435C17C09A6D1533C2396F2DF37ED34AFA8B1 | Q95: 010104 | R95: F | S95: F | T95: T | AU95: 010104435C17C09A6D1533C2396F2DF37ED34AFA8B1 | AV95: 2068
A96: 일반구조용압연강판 | B96: 일반구조용압연강판, 19mm | C96: TON | D96: 0.724 | E96: =TRUNC([1]단가대비표!O70,0) -> 1148100 | F96: =TRUNC(E96*D96, 0) -> 831224 | G96: =TRUNC([1]단가대비표!P70,0) -> 0 | H96: =TRUNC(G96*D96, 0) -> 0 | I96: =TRUNC([1]단가대비표!V70,0) -> 0 | J96: =TRUNC(I96*D96, 0) -> 0 | K96: =TRUNC(E96+G96+I96, 0) -> 1148100 | L96: =TRUNC(F96+H96+J96, 0) -> 831224 | N96: 435C17C09A6D15065F0B790CBD18DA6A43207 | Q96: 010104 | R96: F | S96: F | T96: T | AU96: 010104435C17C09A6D15065F0B790CBD18DA6A43207 | AV96: 61
A97: 접합철판 | B97: 주자재의 10% | C97: TON | D97: 1.989 | E97: =TRUNC([1]단가대비표!O72,0) -> 1236824 | F97: =TRUNC(E97*D97, 0) -> 2460042 | G97: =TRUNC([1]단가대비표!P72,0) -> 0 | H97: =TRUNC(G97*D97, 0) -> 0 | I97: =TRUNC([1]단가대비표!V72,0) -> 0 | J97: =TRUNC(I97*D97, 0) -> 0 | K97: =TRUNC(E97+G97+I97, 0) -> 1236824 | L97: =TRUNC(F97+H97+J97, 0) -> 2460042 | N97: 435C17C09A6D15065F0B790C800230C447579 | Q97: 010104 | R97: F | S97: F | T97: T | AU97: 010104435C17C09A6D15065F0B790C800230C447579 | AV97: 2069
A98: 각종볼트류 | B98: 톤당 40본 | C98: 본 | D98: 723.636 | E98: =TRUNC([1]단가대비표!O71,0) -> 1543 | F98: =TRUNC(E98*D98, 0) -> 1116570 | G98: =TRUNC([1]단가대비표!P71,0) -> 0 | H98: =TRUNC(G98*D98, 0) -> 0 | I98: =TRUNC([1]단가대비표!V71,0) -> 0 | J98: =TRUNC(I98*D98, 0) -> 0 | K98: =TRUNC(E98+G98+I98, 0) -> 1543 | L98: =TRUNC(F98+H98+J98, 0) -> 1116570 | N98: 435C17C09A6D15065F0B790C800230C447568 | Q98: 010104 | R98: F | S98: F | T98: T | AU98: 010104435C17C09A6D15065F0B790C800230C447568 | AV98: 2070
A99: 내화페인트 | B99: 2시간, 내화도료, FIREMASK, SQ-2600, 기둥 | C99: M2 | D99: 159 | E99: =TRUNC([1]일위대가목록!E28,0) -> 43838 | F99: =TRUNC(E99*D99, 0) -> 6970242 | G99: =TRUNC([1]일위대가목록!F28,0) -> 0 | H99: =TRUNC(G99*D99, 0) -> 0 | I99: =TRUNC([1]일위대가목록!G28,0) -> 0 | J99: =TRUNC(I99*D99, 0) -> 0 | K99: =TRUNC(E99+G99+I99, 0) -> 43838 | L99: =TRUNC(F99+H99+J99, 0) -> 6970242 | M99: 호표 25 | N99: 4477173EA20515ED3704488E8BBF7 | Q99: 010104 | R99: T | S99: F | T99: F | AU99: 0101044477173EA20515ED3704488E8BBF7 | AV99: 3221
A100: 내화페인트 | B100: 2시간, 내화도료, FIREMASK, SQ-2500, 보 | C100: M2 | D100: 303 | E100: =TRUNC([1]일위대가목록!E29,0) -> 53229 | F100: =TRUNC(E100*D100, 0) -> 16128387 | G100: =TRUNC([1]일위대가목록!F29,0) -> 0 | H100: =TRUNC(G100*D100, 0) -> 0 | I100: =TRUNC([1]일위대가목록!G29,0) -> 0 | J100: =TRUNC(I100*D100, 0) -> 0 | K100: =TRUNC(E100+G100+I100, 0) -> 53229 | L100: =TRUNC(F100+H100+J100, 0) -> 16128387 | M100: 호표 26 | N100: 4477173EA20515ED3704488E8BBF6 | Q100: 010104 | R100: T | S100: F | T100: F | AU100: 0101044477173EA20515ED3704488E8BBF6 | AV100: 3222
A101: 앵커볼트 | B101: 앵커볼트, M20*600mm | C101: 개 | D101: 109.2 | E101: =TRUNC([1]단가대비표!O157,0) -> 5240 | F101: =TRUNC(E101*D101, 0) -> 572208 | G101: =TRUNC([1]단가대비표!P157,0) -> 0 | H101: =TRUNC(G101*D101, 0) -> 0 | I101: =TRUNC([1]단가대비표!V157,0) -> 0 | J101: =TRUNC(I101*D101, 0) -> 0 | K101: =TRUNC(E101+G101+I101, 0) -> 5240 | L101: =TRUNC(F101+H101+J101, 0) -> 572208 | N101: 435C17D2E84615F4303C2ED46A2CC602098D3 | Q101: 010104 | R101: F | S101: F | T101: T | AU101: 010104435C17D2E84615F4303C2ED46A2CC602098D3 | AV101: 2072
A102: 앵커 볼트 설치 | B102: ∮20 이하 | C102: 개 | D102: 104 | E102: =TRUNC([1]일위대가목록!E30,0) -> 436 | F102: =TRUNC(E102*D102, 0) -> 45344 | G102: =TRUNC([1]일위대가목록!F30,0) -> 21354 | H102: =TRUNC(G102*D102, 0) -> 2220816 | I102: =TRUNC([1]일위대가목록!G30,0) -> 0 | J102: =TRUNC(I102*D102, 0) -> 0 | K102: =TRUNC(E102+G102+I102, 0) -> 21790 | L102: =TRUNC(F102+H102+J102, 0) -> 2266160 | M102: 호표 27 | N102: 4477173EFA3715E693BD59EDD0DB2 | Q102: 010104 | R102: T | S102: F | T102: F | AU102: 0101044477173EFA3715E693BD59EDD0DB2 | AV102: 2580
A103: 철골 가공 조립(표준 라멘구조) | B103: Rolled shape, 60ton 이상 | C103: TON | D103: 19.899 | E103: =TRUNC([1]일위대가목록!E31,0) -> 37959 | F103: =TRUNC(E103*D103, 0) -> 755346 | G103: =TRUNC([1]일위대가목록!F31,0) -> 377460 | H103: =TRUNC(G103*D103, 0) -> 7511076 | I103: =TRUNC([1]일위대가목록!G31,0) -> 226476 | J103: =TRUNC(I103*D103, 0) -> 4506645 | K103: =TRUNC(E103+G103+I103, 0) -> 641895 | L103: =TRUNC(F103+H103+J103, 0) -> 12773067 | M103: 호표 28 | N103: 4477173EE9D11525C562206467E36 | Q103: 010104 | R103: T | S103: F | T103: F | AU103: 0101044477173EE9D11525C562206467E36 | AV103: 67
A104: 기둥밑 무수축 고름모르타르 바름 | C104: M3 | D104: 1 | E104: =TRUNC([1]일위대가목록!E32,0) -> 780000 | F104: =TRUNC(E104*D104, 0) -> 780000 | G104: =TRUNC([1]일위대가목록!F32,0) -> 0 | H104: =TRUNC(G104*D104, 0) -> 0 | I104: =TRUNC([1]일위대가목록!G32,0) -> 0 | J104: =TRUNC(I104*D104, 0) -> 0 | K104: =TRUNC(E104+G104+I104, 0) -> 780000 | L104: =TRUNC(F104+H104+J104, 0) -> 780000 | M104: 호표 29 | N104: 4477173E87491508FFBF9E12FBFA0 | Q104: 010104 | R104: T | S104: F | T104: F | AU104: 0101044477173E87491508FFBF9E12FBFA0 | AV104: 2074
A105: 철골세우기/6층미만 | B105: 강재총사용량 500ton미만, ㎡당 130kg미만 | C105: ton | D105: 19.899 | E105: =TRUNC([1]단가대비표!O218,0) -> 2517 | F105: =TRUNC(E105*D105, 0) -> 50085 | G105: =TRUNC([1]단가대비표!P218,0) -> 123315 | H105: =TRUNC(G105*D105, 0) -> 2453845 | I105: =TRUNC([1]단가대비표!V218,0) -> 0 | J105: =TRUNC(I105*D105, 0) -> 0 | K105: =TRUNC(E105+G105+I105, 0) -> 125832 | L105: =TRUNC(F105+H105+J105, 0) -> 2503930 | M105: 노무비 97.9% | N105: 4477173E875B154C5E9C4EACF3E6E | Q105: 010104 | R105: F | S105: F | T105: T | AU105: 0101044477173E875B154C5E9C4EACF3E6E | AV105: 2970
A106: 고장력 볼트 본조임 - 표준단가 | B106: 30본/t 미만 | C106: TON | D106: 19.899 | E106: =TRUNC([1]일위대가목록!E33,0) -> 3383 | F106: =TRUNC(E106*D106, 0) -> 67318 | G106: =TRUNC([1]일위대가목록!F33,0) -> 109353 | H106: =TRUNC(G106*D106, 0) -> 2176015 | I106: =TRUNC([1]일위대가목록!G33,0) -> 0 | J106: =TRUNC(I106*D106, 0) -> 0 | K106: =TRUNC(E106+G106+I106, 0) -> 112736 | L106: =TRUNC(F106+H106+J106, 0) -> 2243333 | M106: 호표 30 | N106: 4477173E87D815CCA2870D0699906 | Q106: 010104 | R106: T | S106: F | T106: F | AU106: 0101044477173E87D815CCA2870D0699906 | AV106: 2582
A107: 녹막이페인트(뿜칠) | B107: 2회. 1종 | C107: M2 | D107: 462 | E107: =TRUNC([1]일위대가목록!E34,0) -> 1123 | F107: =TRUNC(E107*D107, 0) -> 518826 | G107: =TRUNC([1]일위대가목록!F34,0) -> 2904 | H107: =TRUNC(G107*D107, 0) -> 1341648 | I107: =TRUNC([1]일위대가목록!G34,0) -> 119 | J107: =TRUNC(I107*D107, 0) -> 54978 | K107: =TRUNC(E107+G107+I107, 0) -> 4146 | L107: =TRUNC(F107+H107+J107, 0) -> 1915452 | M107: 호표 31 | N107: 44771786E29515AD9F03CA1E60894 | Q107: 010104 | R107: T | S107: F | T107: F | AU107: 01010444771786E29515AD9F03CA1E60894 | AV107: 2076
A108: [ 합 계 ] | F108: =SUM(F89:F107) -> 54787992 | H108: =SUM(H89:H107) -> 15703400 | J108: =SUM(J89:J107) -> 4561623 | L108: =SUM(L89:L107) -> 75053015 | N108: TOTAL
A109: 010105 조 적 공 사 | B109: 01.본관동 및 생활관, 후생관 | Q109: 010105
A110: 0.5B 벽돌쌓기 | B110: 3.6m 이하 | C110: M2 | D110: 78 | E110: =TRUNC([1]일위대가목록!E35,0) -> 483 | F110: =TRUNC(E110*D110, 0) -> 37674 | G110: =TRUNC([1]일위대가목록!F35,0) -> 26396 | H110: =TRUNC(G110*D110, 0) -> 2058888 | I110: =TRUNC([1]일위대가목록!G35,0) -> 0 | J110: =TRUNC(I110*D110, 0) -> 0 | K110: =TRUNC(E110+G110+I110, 0) -> 26879 | L110: =TRUNC(F110+H110+J110, 0) -> 2096562 | M110: 호표 32 | N110: 4477170B88811531A2FDB587F8C20 | Q110: 010105 | R110: T | S110: F | T110: F | AU110: 0101054477170B88811531A2FDB587F8C20 | AV110: 2583
A111: 0.5B 벽돌쌓기 | B111: 3.6m 초과 | C111: M2 | D111: 1127 | E111: =TRUNC([1]일위대가목록!E36,0) -> 645 | F111: =TRUNC(E111*D111, 0) -> 726915 | G111: =TRUNC([1]일위대가목록!F36,0) -> 34301 | H111: =TRUNC(G111*D111, 0) -> 38657227 | I111: =TRUNC([1]일위대가목록!G36,0) -> 0 | J111: =TRUNC(I111*D111, 0) -> 0 | K111: =TRUNC(E111+G111+I111, 0) -> 34946 | L111: =TRUNC(F111+H111+J111, 0) -> 39384142 | M111: 호표 33 | N111: 4477170B88811531A2FDB587C3821 | Q111: 010105 | R111: T | S111: F | T111: F | AU111: 0101054477170B88811531A2FDB587C3821 | AV111: 2584
A112: 1.0B 벽돌쌓기 | B112: 3.6m 초과 | C112: M2 | D112: 2567 | E112: =TRUNC([1]일위대가목록!E37,0) -> 1165 | F112: =TRUNC(E112*D112, 0) -> 2990555 | G112: =TRUNC([1]일위대가목록!F37,0) -> 62478 | H112: =TRUNC(G112*D112, 0) -> 160381026 | I112: =TRUNC([1]일위대가목록!G37,0) -> 0 | J112: =TRUNC(I112*D112, 0) -> 0 | K112: =TRUNC(E112+G112+I112, 0) -> 63643 | L112: =TRUNC(F112+H112+J112, 0) -> 163371581 | M112: 호표 34 | N112: 4477170B888115318626C22A87E03 | Q112: 010105 | R112: T | S112: F | T112: F | AU112: 0101054477170B888115318626C22A87E03 | AV112: 2585
A113: 블록 보강쌓기(390*190*150) | B113: 3.6m 초과, 한면마감, 사춤 간격 800mm | C113: M2 | D113: 958 | E113: =TRUNC([1]일위대가목록!E38,0) -> 896 | F113: =TRUNC(E113*D113, 0) -> 858368 | G113: =TRUNC([1]일위대가목록!F38,0) -> 43870 | H113: =TRUNC(G113*D113, 0) -> 42027460 | I113: =TRUNC([1]일위대가목록!G38,0) -> 0 | J113: =TRUNC(I113*D113, 0) -> 0 | K113: =TRUNC(E113+G113+I113, 0) -> 44766 | L113: =TRUNC(F113+H113+J113, 0) -> 42885828 | M113: 호표 35 | N113: 4477170BB5CF152F80CB63968C3B9 | Q113: 010105 | R113: T | S113: F | T113: F | AU113: 0101054477170BB5CF152F80CB63968C3B9 | AV113: 2586
A114: 블록 보강쌓기(390*190*100) | B114: 3.6m 초과, 한면마감, 사춤 간격 800mm | C114: M2 | D114: 288 | E114: =TRUNC([1]일위대가목록!E39,0) -> 737 | F114: =TRUNC(E114*D114, 0) -> 212256 | G114: =TRUNC([1]일위대가목록!F39,0) -> 36090 | H114: =TRUNC(G114*D114, 0) -> 10393920 | I114: =TRUNC([1]일위대가목록!G39,0) -> 0 | J114: =TRUNC(I114*D114, 0) -> 0 | K114: =TRUNC(E114+G114+I114, 0) -> 36827 | L114: =TRUNC(F114+H114+J114, 0) -> 10606176 | M114: 호표 36 | N114: 4477170BB5CF152F80CB638474219 | Q114: 010105 | R114: T | S114: F | T114: F | AU114: 0101054477170BB5CF152F80CB638474219 | AV114: 2587
...
