Workbook

Sheet Sheet1
C1: [공사명] 인천소방학교 이전신축공사 설계용역(기계)
A2: 공종 | B2: 코드 | C2: 품 명 | D2: 규 격 | E2: 단위 | F2: 수량 | G2: 재 료 비 | I2: 노 무 비 | K2: 경 비 | M2: 합 계 | O2: 비고
G3: 단가 | H3: 금액 | I3: 단가 | J3: 금액 | K3: 단가 | L3: 금액 | M3: 단가 | N3: 금액
C4: 010101 장비설치공사
A5: 010101 | B5: MM948385915 | C5: P-102 우수조경펌프(볼류트) | D5: 110LPMx32Mx1.5KW | E5: 대 | F5: 1 | G5: =TRUNC([1]단가대비표!O1356,0) -> 799000 | H5: =TRUNC(F5*G5,0) -> 799000 | I5: 0 | J5: =TRUNC(F5*I5,0) -> 0 | K5: 0 | L5: =TRUNC(F5*K5,0) -> 0 | M5: =G5+I5+K5 -> 799000 | N5: =H5+J5+L5 -> 799000 | T5: 0 | AC5: 1
A6: 010101 | B6: MM938207668 | C6: P-103 냉온수순환펌프(인라인) | D6: 550LPMx30Mx7.5KW | E6: 대 | F6: 2 | G6: =TRUNC([1]단가대비표!O940,0) -> 2103000 | H6: =TRUNC(F6*G6,0) -> 4206000 | I6: 0 | J6: =TRUNC(F6*I6,0) -> 0 | K6: 0 | L6: =TRUNC(F6*K6,0) -> 0 | M6: =G6+I6+K6 -> 2103000 | N6: =H6+J6+L6 -> 4206000 | T6: 0 | AC6: 1
A7: 010101 | B7: MM938207669 | C7: P-104 급탕순환펌프(인라인) | D7: 100LPMx6Mx0.37KW | E7: 대 | F7: 2 | G7: =TRUNC([1]단가대비표!O941,0) -> 1029000 | H7: =TRUNC(F7*G7,0) -> 2058000 | I7: 0 | J7: =TRUNC(F7*I7,0) -> 0 | K7: 0 | L7: =TRUNC(F7*K7,0) -> 0 | M7: =G7+I7+K7 -> 1029000 | N7: =H7+J7+L7 -> 2058000 | T7: 0 | AC7: 1
A8: 010101 | B8: MM938207670 | C8: P-105 배수펌프(수중형) | D8: 480LPMx15Mx2.2KW | E8: 대 | F8: 4 | G8: =TRUNC([1]단가대비표!O942,0) -> 1129000 | H8: =TRUNC(F8*G8,0) -> 4516000 | I8: 0 | J8: =TRUNC(F8*I8,0) -> 0 | K8: 0 | L8: =TRUNC(F8*K8,0) -> 0 | M8: =G8+I8+K8 -> 1129000 | N8: =H8+J8+L8 -> 4516000 | T8: 0 | AC8: 1
A9: 010101 | B9: MM938207671 | C9: P-106 급탕대류펌프(인라인) | D9: 30LPMx1Mx0.03KW | E9: 대 | F9: 2 | G9: =TRUNC([1]단가대비표!O943,0) -> 1029000 | H9: =TRUNC(F9*G9,0) -> 2058000 | I9: 0 | J9: =TRUNC(F9*I9,0) -> 0 | K9: 0 | L9: =TRUNC(F9*K9,0) -> 0 | M9: =G9+I9+K9 -> 1029000 | N9: =H9+J9+L9 -> 2058000 | O9: 수정 | T9: 0 | AC9: 1
A10: 010101 | B10: MM938207673 | C10: FCU-1 팬코일유니트설치비 | D10: 냉방2.09KW 난방3.59KW | E10: 대 | F10: 81 | G10: =TRUNC([1]단가대비표!O945,0) -> 0 | H10: =TRUNC(F10*G10,0) -> 0 | I10: 0 | J10: =TRUNC(F10*I10,0) -> 0 | K10: 0 | L10: =TRUNC(F10*K10,0) -> 0 | M10: =G10+I10+K10 -> 0 | N10: =H10+J10+L10 -> 0 | T10: 0 | AC10: 1
A11: 010101 | B11: MM938207675 | C11: FCU-2 팬코일유니트설치비 | D11: 냉방3.00KW 난방4.77KW | E11: 대 | F11: 5 | G11: =TRUNC([1]단가대비표!O947,0) -> 0 | H11: =TRUNC(F11*G11,0) -> 0 | I11: 0 | J11: =TRUNC(F11*I11,0) -> 0 | K11: 0 | L11: =TRUNC(F11*K11,0) -> 0 | M11: =G11+I11+K11 -> 0 | N11: =H11+J11+L11 -> 0 | T11: 0 | AC11: 1
A12: 010101 | B12: MM938207677 | C12: FCU-4 팬코일유니트설치비 | D12: 냉방3.58KW 난방5.45KW | E12: 대 | F12: 15 | G12: =TRUNC([1]단가대비표!O949,0) -> 0 | H12: =TRUNC(F12*G12,0) -> 0 | I12: 0 | J12: =TRUNC(F12*I12,0) -> 0 | K12: 0 | L12: =TRUNC(F12*K12,0) -> 0 | M12: =G12+I12+K12 -> 0 | N12: =H12+J12+L12 -> 0 | T12: 0 | AC12: 1
A13: 010101 | B13: MM938207679 | C13: FCU-5 팬코일유니트설치비 | D13: 냉방4.77KW 난방7.71KW | E13: 대 | F13: 5 | G13: =TRUNC([1]단가대비표!O951,0) -> 0 | H13: =TRUNC(F13*G13,0) -> 0 | I13: 0 | J13: =TRUNC(F13*I13,0) -> 0 | K13: 0 | L13: =TRUNC(F13*K13,0) -> 0 | M13: =G13+I13+K13 -> 0 | N13: =H13+J13+L13 -> 0 | T13: 0 | AC13: 1
A14: 010101 | B14: MM938207681 | C14: FCU-6 팬코일유니트설치비 | D14: 냉방5.06KW 난방7.09KW | E14: 대 | F14: 5 | G14: =TRUNC([1]단가대비표!O953,0) -> 0 | H14: =TRUNC(F14*G14,0) -> 0 | I14: 0 | J14: =TRUNC(F14*I14,0) -> 0 | K14: 0 | L14: =TRUNC(F14*K14,0) -> 0 | M14: =G14+I14+K14 -> 0 | N14: =H14+J14+L14 -> 0 | T14: 0 | AC14: 1
A15: 010101 | B15: MM938207683 | C15: FCU-7 팬코일유니트설치비 | D15: 냉방6.22KW 난방8.96KW | E15: 대 | F15: 5 | G15: =TRUNC([1]단가대비표!O955,0) -> 0 | H15: =TRUNC(F15*G15,0) -> 0 | I15: 0 | J15: =TRUNC(F15*I15,0) -> 0 | K15: 0 | L15: =TRUNC(F15*K15,0) -> 0 | M15: =G15+I15+K15 -> 0 | N15: =H15+J15+L15 -> 0 | T15: 0 | AC15: 1
A16: 010101 | B16: MM938207685 | C16: FCU-8 팬코일유니트설치비 | D16: 냉방7.39KW 난방10.7KW | E16: 대 | F16: 9 | G16: =TRUNC([1]단가대비표!O957,0) -> 0 | H16: =TRUNC(F16*G16,0) -> 0 | I16: 0 | J16: =TRUNC(F16*I16,0) -> 0 | K16: 0 | L16: =TRUNC(F16*K16,0) -> 0 | M16: =G16+I16+K16 -> 0 | N16: =H16+J16+L16 -> 0 | T16: 0 | AC16: 1
A17: 010101 | B17: MM938207687 | C17: FCU-9 팬코일유니트설치비 | D17: 냉방9.59KW 난방14.19KW | E17: 대 | F17: 10 | G17: =TRUNC([1]단가대비표!O959,0) -> 0 | H17: =TRUNC(F17*G17,0) -> 0 | I17: 0 | J17: =TRUNC(F17*I17,0) -> 0 | K17: 0 | L17: =TRUNC(F17*K17,0) -> 0 | M17: =G17+I17+K17 -> 0 | N17: =H17+J17+L17 -> 0 | T17: 0 | AC17: 1
A18: 010101 | B18: MM938207689 | C18: FCU-10 팬코일유니트설치비 | D18: 냉방11.63KW 난방17.79KW | E18: 대 | F18: 3 | G18: =TRUNC([1]단가대비표!O961,0) -> 0 | H18: =TRUNC(F18*G18,0) -> 0 | I18: 0 | J18: =TRUNC(F18*I18,0) -> 0 | K18: 0 | L18: =TRUNC(F18*K18,0) -> 0 | M18: =G18+I18+K18 -> 0 | N18: =H18+J18+L18 -> 0 | T18: 0 | AC18: 1
A19: 010101 | B19: MM938207691 | C19: FCU-12 팬코일유니트설치비 | D19: 냉방7.33KW 난방12.27KW | E19: 대 | F19: 2 | G19: =TRUNC([1]단가대비표!O963,0) -> 0 | H19: =TRUNC(F19*G19,0) -> 0 | I19: 0 | J19: =TRUNC(F19*I19,0) -> 0 | K19: 0 | L19: =TRUNC(F19*K19,0) -> 0 | M19: =G19+I19+K19 -> 0 | N19: =H19+J19+L19 -> 0 | T19: 0 | AC19: 1
A20: 010101 | B20: MM938207693 | C20: FCU-13 팬코일유니트설치비 | D20: 냉방12.31KW 난방19.77KW | E20: 대 | F20: 1 | G20: =TRUNC([1]단가대비표!O965,0) -> 0 | H20: =TRUNC(F20*G20,0) -> 0 | I20: 0 | J20: =TRUNC(F20*I20,0) -> 0 | K20: 0 | L20: =TRUNC(F20*K20,0) -> 0 | M20: =G20+I20+K20 -> 0 | N20: =H20+J20+L20 -> 0 | T20: 0 | AC20: 1
A21: 010101 | B21: MM938207694 | C21: OF-101 급기휀(인라인)D550 | D21: 8,100CMHx270PAx2.2KW | E21: 대 | F21: 1 | G21: =TRUNC([1]단가대비표!O966,0) -> 1207000 | H21: =TRUNC(F21*G21,0) -> 1207000 | I21: 0 | J21: =TRUNC(F21*I21,0) -> 0 | K21: 0 | L21: =TRUNC(F21*K21,0) -> 0 | M21: =G21+I21+K21 -> 1207000 | N21: =H21+J21+L21 -> 1207000 | T21: 0 | AC21: 1
A22: 010101 | B22: MM938207695 | C22: OF-102 급기휀(인라인)D770 | D22: 13,200CMHx260PAx3.7KW | E22: 대 | F22: 1 | G22: =TRUNC([1]단가대비표!O967,0) -> 1917000 | H22: =TRUNC(F22*G22,0) -> 1917000 | I22: 0 | J22: =TRUNC(F22*I22,0) -> 0 | K22: 0 | L22: =TRUNC(F22*K22,0) -> 0 | M22: =G22+I22+K22 -> 1917000 | N22: =H22+J22+L22 -> 1917000 | T22: 0 | AC22: 1
A23: 010101 | B23: MM938207696 | C23: OF-103 급기휀(인라인)D550 | D23: 7,700CMHx340PAx2.2KW | E23: 대 | F23: 1 | G23: =TRUNC([1]단가대비표!O968,0) -> 1207000 | H23: =TRUNC(F23*G23,0) -> 1207000 | I23: 0 | J23: =TRUNC(F23*I23,0) -> 0 | K23: 0 | L23: =TRUNC(F23*K23,0) -> 0 | M23: =G23+I23+K23 -> 1207000 | N23: =H23+J23+L23 -> 1207000 | T23: 0 | AC23: 1
A24: 010101 | B24: MM938207697 | C24: OF-104 급기휀(시로코)#4.5 | D24: 14,800CMHx270PAx3.7KW | E24: 대 | F24: 1 | G24: =TRUNC([1]단가대비표!O969,0) -> 1431000 | H24: =TRUNC(F24*G24,0) -> 1431000 | I24: 0 | J24: =TRUNC(F24*I24,0) -> 0 | K24: 0 | L24: =TRUNC(F24*K24,0) -> 0 | M24: =G24+I24+K24 -> 1431000 | N24: =H24+J24+L24 -> 1431000 | T24: 0 | AC24: 1
A25: 010101 | B25: MM938207698 | C25: OF-105 급기휀(인라인)D770 | D25: 10,800CMHx240PAx3.7KW | E25: 대 | F25: 1 | G25: =TRUNC([1]단가대비표!O970,0) -> 1917000 | H25: =TRUNC(F25*G25,0) -> 1917000 | I25: 0 | J25: =TRUNC(F25*I25,0) -> 0 | K25: 0 | L25: =TRUNC(F25*K25,0) -> 0 | M25: =G25+I25+K25 -> 1917000 | N25: =H25+J25+L25 -> 1917000 | T25: 0 | AC25: 1
A26: 010101 | B26: MM938207699 | C26: OF-106 급기휀(시로코)#5 | D26: 17,900CMHx240PAx3.7KW | E26: 대 | F26: 1 | G26: =TRUNC([1]단가대비표!O971,0) -> 1559000 | H26: =TRUNC(F26*G26,0) -> 1559000 | I26: 0 | J26: =TRUNC(F26*I26,0) -> 0 | K26: 0 | L26: =TRUNC(F26*K26,0) -> 0 | M26: =G26+I26+K26 -> 1559000 | N26: =H26+J26+L26 -> 1559000 | T26: 0 | AC26: 1
A27: 010101 | B27: MM938207700 | C27: OF-107 급기휀(시로코)#3 | D27: 5,700CMHx190PAx1.5KW | E27: 대 | F27: 1 | G27: =TRUNC([1]단가대비표!O972,0) -> 968000 | H27: =TRUNC(F27*G27,0) -> 968000 | I27: 0 | J27: =TRUNC(F27*I27,0) -> 0 | K27: 0 | L27: =TRUNC(F27*K27,0) -> 0 | M27: =G27+I27+K27 -> 968000 | N27: =H27+J27+L27 -> 968000 | T27: 0 | AC27: 1
A28: 010101 | B28: MM938207701 | C28: OF-108 급기휀(시로코)#2 | D28: 2,500CMHx150PAx0.75KW | E28: 대 | F28: 1 | G28: =TRUNC([1]단가대비표!O973,0) -> 804000 | H28: =TRUNC(F28*G28,0) -> 804000 | I28: 0 | J28: =TRUNC(F28*I28,0) -> 0 | K28: 0 | L28: =TRUNC(F28*K28,0) -> 0 | M28: =G28+I28+K28 -> 804000 | N28: =H28+J28+L28 -> 804000 | T28: 0 | AC28: 1
A29: 010101 | B29: MM938207702 | C29: EF-101 배기휀(인라인)D550 | D29: 8,100CMHx250PAx2.2KW | E29: 대 | F29: 1 | G29: =TRUNC([1]단가대비표!O974,0) -> 1207000 | H29: =TRUNC(F29*G29,0) -> 1207000 | I29: 0 | J29: =TRUNC(F29*I29,0) -> 0 | K29: 0 | L29: =TRUNC(F29*K29,0) -> 0 | M29: =G29+I29+K29 -> 1207000 | N29: =H29+J29+L29 -> 1207000 | T29: 0 | AC29: 1
A30: 010101 | B30: MM938207703 | C30: EF-102 배기휀(인라인)D770 | D30: 13,200CMHx240PAx3.7KW | E30: 대 | F30: 1 | G30: =TRUNC([1]단가대비표!O975,0) -> 1917000 | H30: =TRUNC(F30*G30,0) -> 1917000 | I30: 0 | J30: =TRUNC(F30*I30,0) -> 0 | K30: 0 | L30: =TRUNC(F30*K30,0) -> 0 | M30: =G30+I30+K30 -> 1917000 | N30: =H30+J30+L30 -> 1917000 | T30: 0 | AC30: 1
A31: 010101 | B31: MM938207704 | C31: EF-103 배기휀(인라인)D550 | D31: 7,700CMHx310PAx2.2KW | E31: 대 | F31: 1 | G31: =TRUNC([1]단가대비표!O976,0) -> 1207000 | H31: =TRUNC(F31*G31,0) -> 1207000 | I31: 0 | J31: =TRUNC(F31*I31,0) -> 0 | K31: 0 | L31: =TRUNC(F31*K31,0) -> 0 | M31: =G31+I31+K31 -> 1207000 | N31: =H31+J31+L31 -> 1207000 | T31: 0 | AC31: 1
... A42: 010101 | B42: MM938207715 | C42: EF-114 배기휀(시로코)#2 | D42: 2,500CMHx220PAx0.75KW | E42: 대 | F42: 1 | G42: =TRUNC([1]단가대비표!O987,0) -> 804000 | H42: =TRUNC(F42*G42,0) -> 804000 | I42: 0 | J42: =TRUNC(F42*I42,0) -> 0 | K42: 0 | L42: =TRUNC(F42*K42,0) -> 0 | M42: =G42+I42+K42 -> 804000 | N42: =H42+J42+L42 -> 804000 | T42: 0 | AC42: 1
A43: 010101 | B43: MM938207718 | C43: EF-115 배기휀(시로코)#2 | D43: 1,600CMHx210PAx0.4KW | E43: 대 | F43: 1 | G43: =TRUNC([1]단가대비표!O990,0) -> 804000 | H43: =TRUNC(F43*G43,0) -> 804000 | I43: 0 | J43: =TRUNC(F43*I43,0) -> 0 | K43: 0 | L43: =TRUNC(F43*K43,0) -> 0 | M43: =G43+I43+K43 -> 804000 | N43: =H43+J43+L43 -> 804000 | T43: 0 | AC43: 1
A44: 010101 | B44: MM938207716 | C44: EFU-1 탈취유니트 | D44: 18,500CMH | E44: 대 | F44: 1 | G44: =TRUNC([1]단가대비표!O988,0) -> 40800000 | H44: =TRUNC(F44*G44,0) -> 40800000 | I44: 0 | J44: =TRUNC(F44*I44,0) -> 0 | K44: 0 | L44: =TRUNC(F44*K44,0) -> 0 | M44: =G44+I44+K44 -> 40800000 | N44: =H44+J44+L44 -> 40800000 | T44: 0 | AC44: 1
A45: 010101 | B45: MM938207717 | C45: SFU-1 급기필터 | D45: 14,800CMH | E45: 대 | F45: 1 | G45: =TRUNC([1]단가대비표!O989,0) -> 5000000 | H45: =TRUNC(F45*G45,0) -> 5000000 | I45: 0 | J45: =TRUNC(F45*I45,0) -> 0 | K45: 0 | L45: =TRUNC(F45*K45,0) -> 0 | M45: =G45+I45+K45 -> 5000000 | N45: =H45+J45+L45 -> 5000000 | T45: 0 | AC45: 1
A46: 010101 | B46: MM938207719 | C46: ET-1 팽창탱크(급탕용) | D46: 500LIT(D760*1,544H) | E46: 대 | F46: 1 | G46: =TRUNC([1]단가대비표!O991,0) -> 1700000 | H46: =TRUNC(F46*G46,0) -> 1700000 | I46: 0 | J46: =TRUNC(F46*I46,0) -> 0 | K46: 0 | L46: =TRUNC(F46*K46,0) -> 0 | M46: =G46+I46+K46 -> 1700000 | N46: =H46+J46+L46 -> 1700000 | T46: 0 | AC46: 1
A47: 010101 | B47: MM938207720 | C47: AS-1 팽창기수분리기 | D47: 200LITx1.1KW | E47: 대 | F47: 1 | G47: =TRUNC([1]단가대비표!O992,0) -> 6800000 | H47: =TRUNC(F47*G47,0) -> 6800000 | I47: 0 | J47: =TRUNC(F47*I47,0) -> 0 | K47: 0 | L47: =TRUNC(F47*K47,0) -> 0 | M47: =G47+I47+K47 -> 6800000 | N47: =H47+J47+L47 -> 6800000 | T47: 0 | AC47: 1
A48: 010101 | B48: MM938207730 | C48: 물탱크건식패드 | D48: 350~525mmh | E48: ea | F48: 77 | G48: =TRUNC([1]단가대비표!O1002,0) -> 117000 | H48: =TRUNC(F48*G48,0) -> 9009000 | I48: 0 | J48: =TRUNC(F48*I48,0) -> 0 | K48: 0 | L48: =TRUNC(F48*K48,0) -> 0 | M48: =G48+I48+K48 -> 117000 | N48: =H48+J48+L48 -> 9009000 | T48: 0 | AC48: 1
A49: 010101 | B49: 56900017041 | C49: 노무비 | D49: 보통인부 | E49: 인 | F49: 89 | G49: 0 | H49: =TRUNC(F49*G49,0) -> 0 | I49: =TRUNC([1]단가대비표!O671,0) -> 157068 | J49: =TRUNC(F49*I49,0) -> 13979052 | K49: 0 | L49: =TRUNC(F49*K49,0) -> 0 | M49: =G49+I49+K49 -> 157068 | N49: =H49+J49+L49 -> 13979052 | T49: 0 | W49: 3 | AC49: 1
A50: 010101 | B50: 56900017014 | C50: 노무비 | D50: 기계공 | E50: 인 | F50: 297 | G50: 0 | H50: =TRUNC(F50*G50,0) -> 0 | I50: =TRUNC([1]단가대비표!O664,0) -> 213337 | J50: =TRUNC(F50*I50,0) -> 63361089 | K50: 0 | L50: =TRUNC(F50*K50,0) -> 0 | M50: =G50+I50+K50 -> 213337 | N50: =H50+J50+L50 -> 63361089 | T50: 0 | W50: 3 | AC50: 1
A51: 010101 | B51: PPS00000003 | C51: 공구손료 | D51: 노무비의 2% | E51: 식 | F51: 1 | G51: =ROUNDDOWN(SUMIF(W5:W51, RIGHTB(B51, 1), J5:J51)*T51, 0) -> 1546802 | H51: =TRUNC(F51*G51,0) -> 1546802 | I51: 0 | J51: =TRUNC(F51*I51,0) -> 0 | K51: 0 | L51: =TRUNC(F51*K51,0) -> 0 | M51: =G51+I51+K51 -> 1546802 | N51: =H51+J51+L51 -> 1546802 | P51: 51 | R51: 1 | S51: 0 | T51: 0.02 | AC51: 1
C55: [ 합 계 ] | H55: =SUMIF(AC5:AC54, 1, H5:H54) -> 107994302 | J55: =SUMIF(AC5:AC54, 1, J5:J54) -> 77340141 | L55: =SUMIF(AC5:AC54, 1, L5:L54) -> 0 | N55: =H55+J55+L55 -> 185334443
C56: 010102 옥외배관공사
A57: 010102 | B57: 47100787101 | C57: 수도용 폴리에틸렌관 | D57: PE수도관(1종), D13 | E57: M | F57: 9 | G57: =TRUNC([1]단가대비표!O138,0) -> 418 | H57: =TRUNC(F57*G57,0) -> 3762 | I57: 0 | J57: =TRUNC(F57*I57,0) -> 0 | K57: 0 | L57: =TRUNC(F57*K57,0) -> 0 | M57: =G57+I57+K57 -> 418 | N57: =H57+J57+L57 -> 3762 | T57: 0 | U57: 1 | AC57: 1
A58: 010102 | B58: 47100787102 | C58: 수도용 폴리에틸렌관 | D58: PE수도관(1종), D16 | E58: M | F58: 4 | G58: =TRUNC([1]단가대비표!O139,0) -> 418 | H58: =TRUNC(F58*G58,0) -> 1672 | I58: 0 | J58: =TRUNC(F58*I58,0) -> 0 | K58: 0 | L58: =TRUNC(F58*K58,0) -> 0 | M58: =G58+I58+K58 -> 418 | N58: =H58+J58+L58 -> 1672 | T58: 0 | U58: 1 | AC58: 1
A59: 010102 | B59: 47100787109 | C59: 수도용 폴리에틸렌관 | D59: PE수도관(1종), D75 | E59: M | F59: 45 | G59: =TRUNC([1]단가대비표!O144,0) -> 5281 | H59: =TRUNC(F59*G59,0) -> 237645 | I59: 0 | J59: =TRUNC(F59*I59,0) -> 0 | K59: 0 | L59: =TRUNC(F59*K59,0) -> 0 | M59: =G59+I59+K59 -> 5281 | N59: =H59+J59+L59 -> 237645 | T59: 0 | U59: 1 | AC59: 1
A60: 010102 | B60: PPS00000001 | C60: 잡재료비 | D60: 관의 3% | E60: 식 | F60: 1 | G60: =ROUNDDOWN(SUMIF(U57:U64, RIGHTB(B60, 1), H57:H64)*T60, 0) -> 7292 | H60: =TRUNC(F60*G60,0) -> 7292 | I60: 0 | J60: =TRUNC(F60*I60,0) -> 0 | K60: 0 | L60: =TRUNC(F60*K60,0) -> 0 | M60: =G60+I60+K60 -> 7292 | N60: =H60+J60+L60 -> 7292 | P60: 60 | R60: 0 | S60: 0 | T60: 0.03 | AC60: 1
A61: 010102 | B61: 47300977008 | C61: 수도용 폴리에칠렌이음관 | D61: 90˚엘보(융착식) D75 | E61: EA | F61: 2 | G61: =TRUNC([1]단가대비표!O200,0) -> 10210 | H61: =TRUNC(F61*G61,0) -> 20420 | I61: 0 | J61: =TRUNC(F61*I61,0) -> 0 | K61: 0 | L61: =TRUNC(F61*K61,0) -> 0 | M61: =G61+I61+K61 -> 10210 | N61: =H61+J61+L61 -> 20420 | T61: 0 | AC61: 1
A62: 010102 | B62: 47300977022 | C62: 수도용 폴리에칠렌이음관 | D62: 90˚엘보(나사조임식) D15 | E62: EA | F62: 4 | G62: =TRUNC([1]단가대비표!O201,0) -> 2380 | H62: =TRUNC(F62*G62,0) -> 9520 | I62: 0 | J62: =TRUNC(F62*I62,0) -> 0 | K62: 0 | L62: =TRUNC(F62*K62,0) -> 0 | M62: =G62+I62+K62 -> 2380 | N62: =H62+J62+L62 -> 9520 | T62: 0 | AC62: 1
A63: 010102 | B63: 56940250010 | C63: PEM 접합 (수도용) | D63: D15 | E63: 개소 | F63: 8 | G63: ='[2].xls].xls].xls].xls].xls].xls].xls].'!E25 -> #REF! | H63: =TRUNC(F63*G63,0) -> #REF! | I63: ='[2].xls].xls].xls].xls].xls].xls].xls].'!F25 -> #REF! | J63: =TRUNC(F63*I63,0) -> #REF! | K63: ='[2].xls].xls].xls].xls].xls].xls].xls].'!G25 -> #REF! | L63: =TRUNC(F63*K63,0) -> #REF! | M63: =G63+I63+K63 -> #REF! | N63: =H63+J63+L63 -> #REF! | O63: 56940250010 | T63: 0 | AC63: 1
A64: 010102 | B64: 56940250080 | C64: PEM 접합 (수도용) | D64: D75 | E64: 개소 | F64: 10 | G64: ='[2].xls].xls].xls].xls].xls].xls].xls].'!E31 -> #REF! | H64: =TRUNC(F64*G64,0) -> #REF! | I64: ='[2].xls].xls].xls].xls].xls].xls].xls].'!F31 -> #REF! | J64: =TRUNC(F64*I64,0) -> #REF! | K64: ='[2].xls].xls].xls].xls].xls].xls].xls].'!G31 -> #REF! | L64: =TRUNC(F64*K64,0) -> #REF! | M64: =G64+I64+K64 -> #REF! | N64: =H64+J64+L64 -> #REF! | O64: 56940250080 | T64: 0 | AC64: 1
C81: [ 합 계 ] | H81: =SUMIF(AC57:AC80, 1, H57:H80) -> #REF! | J81: =SUMIF(AC57:AC80, 1, J57:J80) -> #REF! | L81: =SUMIF(AC57:AC80, 1, L57:L80) -> #REF! | N81: =H81+J81+L81 -> #REF!
C82: 010103 기계실배관공사
A83: 010103 | B83: 47100407001 | C83: 일반배관용 스테인리스 강관 | D83: K-TYPE, D15 | E83: M | F83: 3 | G83: =TRUNC([1]단가대비표!O85,0) -> 1980 | H83: =TRUNC(F83*G83,0) -> 5940 | I83: 0 | J83: =TRUNC(F83*I83,0) -> 0 | K83: 0 | L83: =TRUNC(F83*K83,0) -> 0 | M83: =G83+I83+K83 -> 1980 | N83: =H83+J83+L83 -> 5940 | T83: 0 | U83: 1 | AC83: 1
A84: 010103 | B84: 47100407002 | C84: 일반배관용 스테인리스 강관 | D84: K-TYPE, D20 | E84: M | F84: 24 | G84: =TRUNC([1]단가대비표!O86,0) -> 3220 | H84: =TRUNC(F84*G84,0) -> 77280 | I84: 0 | J84: =TRUNC(F84*I84,0) -> 0 | K84: 0 | L84: =TRUNC(F84*K84,0) -> 0 | M84: =G84+I84+K84 -> 3220 | N84: =H84+J84+L84 -> 77280 | T84: 0 | U84: 1 | AC84: 1
A85: 010103 | B85: 47100407003 | C85: 일반배관용 스테인리스 강관 | D85: K-TYPE, D25 | E85: M | F85: 77 | G85: =TRUNC([1]단가대비표!O87,0) -> 4010 | H85: =TRUNC(F85*G85,0) -> 308770 | I85: 0 | J85: =TRUNC(F85*I85,0) -> 0 | K85: 0 | L85: =TRUNC(F85*K85,0) -> 0 | M85: =G85+I85+K85 -> 4010 | N85: =H85+J85+L85 -> 308770 | T85: 0 | U85: 1 | AC85: 1
A86: 010103 | B86: 47100407004 | C86: 일반배관용 스테인리스 강관 | D86: K-TYPE, D32 | E86: M | F86: 60 | G86: =TRUNC([1]단가대비표!O88,0) -> 5650 | H86: =TRUNC(F86*G86,0) -> 339000 | I86: 0 | J86: =TRUNC(F86*I86,0) -> 0 | K86: 0 | L86: =TRUNC(F86*K86,0) -> 0 | M86: =G86+I86+K86 -> 5650 | N86: =H86+J86+L86 -> 339000 | T86: 0 | U86: 1 | AC86: 1
A87: 010103 | B87: 47100407005 | C87: 일반배관용 스테인리스 강관 | D87: K-TYPE, D40 | E87: M | F87: 41 | G87: =TRUNC([1]단가대비표!O89,0) -> 6910 | H87: =TRUNC(F87*G87,0) -> 283310 | I87: 0 | J87: =TRUNC(F87*I87,0) -> 0 | K87: 0 | L87: =TRUNC(F87*K87,0) -> 0 | M87: =G87+I87+K87 -> 6910 | N87: =H87+J87+L87 -> 283310 | T87: 0 | U87: 1 | AC87: 1
A88: 010103 | B88: 47100407006 | C88: 일반배관용 스테인리스 강관 | D88: K-TYPE, D50 | E88: M | F88: 64 | G88: =TRUNC([1]단가대비표!O90,0) -> 7960 | H88: =TRUNC(F88*G88,0) -> 509440 | I88: 0 | J88: =TRUNC(F88*I88,0) -> 0 | K88: 0 | L88: =TRUNC(F88*K88,0) -> 0 | M88: =G88+I88+K88 -> 7960 | N88: =H88+J88+L88 -> 509440 | T88: 0 | U88: 1 | AC88: 1
A89: 010103 | B89: 47100407007 | C89: 일반배관용 스테인리스 강관 | D89: K-TYPE, D65 | E89: M | F89: 29 | G89: =TRUNC([1]단가대비표!O91,0) -> 12350 | H89: =TRUNC(F89*G89,0) -> 358150 | I89: 0 | J89: =TRUNC(F89*I89,0) -> 0 | K89: 0 | L89: =TRUNC(F89*K89,0) -> 0 | M89: =G89+I89+K89 -> 12350 | N89: =H89+J89+L89 -> 358150 | T89: 0 | U89: 1 | AC89: 1
A90: 010103 | B90: 47100407009 | C90: 일반배관용 스테인리스 강관 | D90: K-TYPE, D80 | E90: M | F90: 80 | G90: =TRUNC([1]단가대비표!O92,0) -> 22620 | H90: =TRUNC(F90*G90,0) -> 1809600 | I90: 0 | J90: =TRUNC(F90*I90,0) -> 0 | K90: 0 | L90: =TRUNC(F90*K90,0) -> 0 | M90: =G90+I90+K90 -> 22620 | N90: =H90+J90+L90 -> 1809600 | T90: 0 | U90: 1 | AC90: 1
A91: 010103 | B91: 47100407010 | C91: 일반배관용 스테인리스 강관 | D91: K-TYPE, D100 | E91: M | F91: 48 | G91: =TRUNC([1]단가대비표!O93,0) -> 28130 | H91: =TRUNC(F91*G91,0) -> 1350240 | I91: 0 | J91: =TRUNC(F91*I91,0) -> 0 | K91: 0 | L91: =TRUNC(F91*K91,0) -> 0 | M91: =G91+I91+K91 -> 28130 | N91: =H91+J91+L91 -> 1350240 | T91: 0 | U91: 1 | AC91: 1
A92: 010103 | B92: 47100417506 | C92: 배관용스테인리스강관(무용접) | D92: D50x3T | E92: M | F92: 38 | G92: =TRUNC([1]단가대비표!O94,0) -> 22580 | H92: =TRUNC(F92*G92,0) -> 858040 | I92: 0 | J92: =TRUNC(F92*I92,0) -> 0 | K92: 0 | L92: =TRUNC(F92*K92,0) -> 0 | M92: =G92+I92+K92 -> 22580 | N92: =H92+J92+L92 -> 858040 | T92: 0 | U92: 1 | AC92: 1
A93: 010103 | B93: 47100417509 | C93: 배관용스테인리스강관(무용접) | D93: D100x3T | E93: M | F93: 80 | G93: =TRUNC([1]단가대비표!O95,0) -> 43650 | H93: =TRUNC(F93*G93,0) -> 3492000 | I93: 0 | J93: =TRUNC(F93*I93,0) -> 0 | K93: 0 | L93: =TRUNC(F93*K93,0) -> 0 | M93: =G93+I93+K93 -> 43650 | N93: =H93+J93+L93 -> 3492000 | T93: 0 | U93: 1 | AC93: 1
A94: 010103 | B94: 47100417510 | C94: 배관용스테인리스강관(무용접) | D94: D125x3T | E94: M | F94: 10 | G94: =TRUNC([1]단가대비표!O96,0) -> 53450 | H94: =TRUNC(F94*G94,0) -> 534500 | I94: 0 | J94: =TRUNC(F94*I94,0) -> 0 | K94: 0 | L94: =TRUNC(F94*K94,0) -> 0 | M94: =G94+I94+K94 -> 53450 | N94: =H94+J94+L94 -> 534500 | T94: 0 | U94: 1 | AC94: 1
A95: 010103 | B95: 47100417511 | C95: 배관용스테인리스강관(무용접) | D95: D150x3T | E95: M | F95: 28 | G95: =TRUNC([1]단가대비표!O97,0) -> 63410 | H95: =TRUNC(F95*G95,0) -> 1775480 | I95: 0 | J95: =TRUNC(F95*I95,0) -> 0 | K95: 0 | L95: =TRUNC(F95*K95,0) -> 0 | M95: =G95+I95+K95 -> 63410 | N95: =H95+J95+L95 -> 1775480 | T95: 0 | U95: 1 | AC95: 1
A96: 010103 | B96: PPS00000001 | C96: 잡재료비 | D96: 관의 3% | E96: 식 | F96: 1 | G96: =ROUNDDOWN(SUMIF(U83:U257, RIGHTB(B96, 1), H83:H257)*T96, 0) -> 351052 | H96: =TRUNC(F96*G96,0) -> 351052 | I96: 0 | J96: =TRUNC(F96*I96,0) -> 0 | K96: 0 | L96: =TRUNC(F96*K96,0) -> 0 | M96: =G96+I96+K96 -> 351052 | N96: =H96+J96+L96 -> 351052 | P96: 96 | R96: 0 | S96: 0 | T96: 0.03 | AC96: 1
A97: 010103 | B97: 56940850332 | C97: 관보온(고무발포,강관용) | D97: 13TxD20 | E97: M | F97: 20 | G97: ='[2].xls].xls].xls].xls].xls].xls].xls].'!E89 -> #REF! | H97: =TRUNC(F97*G97,0) -> #REF! | I97: ='[2].xls].xls].xls].xls].xls].xls].xls].'!F89 -> #REF! | J97: =TRUNC(F97*I97,0) -> #REF! | K97: ='[2].xls].xls].xls].xls].xls].xls].xls].'!G89 -> #REF! | L97: =TRUNC(F97*K97,0) -> #REF! | M97: =G97+I97+K97 -> #REF! | N97: =H97+J97+L97 -> #REF! | O97: 56940850332 | T97: 0 | AC97: 1
A98: 010103 | B98: 56940850333 | C98: 관보온(고무발포,강관용) | D98: 13TxD25 | E98: M | F98: 27 | G98: ='[2].xls].xls].xls].xls].xls].xls].xls].'!E90 -> #REF! | H98: =TRUNC(F98*G98,0) -> #REF! | I98: ='[2].xls].xls].xls].xls].xls].xls].xls].'!F90 -> #REF! | J98: =TRUNC(F98*I98,0) -> #REF! | K98: ='[2].xls].xls].xls].xls].xls].xls].xls].'!G90 -> #REF! | L98: =TRUNC(F98*K98,0) -> #REF! | M98: =G98+I98+K98 -> #REF! | N98: =H98+J98+L98 -> #REF! | O98: 56940850333 | T98: 0 | AC98: 1
A99: 010103 | B99: 56940850334 | C99: 관보온(고무발포,강관용) | D99: 13TxD32 | E99: M | F99: 33 | G99: ='[2].xls].xls].xls].xls].xls].xls].xls].'!E91 -> #REF! | H99: =TRUNC(F99*G99,0) -> #REF! | I99: ='[2].xls].xls].xls].xls].xls].xls].xls].'!F91 -> #REF! | J99: =TRUNC(F99*I99,0) -> #REF! | K99: ='[2].xls].xls].xls].xls].xls].xls].xls].'!G91 -> #REF! | L99: =TRUNC(F99*K99,0) -> #REF! | M99: =G99+I99+K99 -> #REF! | N99: =H99+J99+L99 -> #REF! | O99: 56940850334 | T99: 0 | AC99: 1
A100: 010103 | B100: 56940850335 | C100: 관보온(고무발포,강관용) | D100: 13TxD40 | E100: M | F100: 23 | G100: ='[2].xls].xls].xls].xls].xls].xls].xls].'!E92 -> #REF! | H100: =TRUNC(F100*G100,0) -> #REF! | I100: ='[2].xls].xls].xls].xls].xls].xls].xls].'!F92 -> #REF! | J100: =TRUNC(F100*I100,0) -> #REF! | K100: ='[2].xls].xls].xls].xls].xls].xls].xls].'!G92 -> #REF! | L100: =TRUNC(F100*K100,0) -> #REF! | M100: =G100+I100+K100 -> #REF! | N100: =H100+J100+L100 -> #REF! | O100: 56940850335 | T100: 0 | AC100: 1
A101: 010103 | B101: 56940850336 | C101: 관보온(고무발포,강관용) | D101: 13TxD50 | E101: M | F101: 4 | G101: ='[2].xls].xls].xls].xls].xls].xls].xls].'!E93 -> #REF! | H101: =TRUNC(F101*G101,0) -> #REF! | I101: ='[2].xls].xls].xls].xls].xls].xls].xls].'!F93 -> #REF! | J101: =TRUNC(F101*I101,0) -> #REF! | K101: ='[2].xls].xls].xls].xls].xls].xls].xls].'!G93 -> #REF! | L101: =TRUNC(F101*K101,0) -> #REF! | M101: =G101+I101+K101 -> #REF! | N101: =H101+J101+L101 -> #REF! | O101: 56940850336 | T101: 0 | AC101: 1
A102: 010103 | B102: 56940850337 | C102: 관보온(고무발포,강관용) | D102: 13TxD65 | E102: M | F102: 14 | G102: ='[2].xls].xls].xls].xls].xls].xls].xls].'!E94 -> #REF! | H102: =TRUNC(F102*G102,0) -> #REF! | I102: ='[2].xls].xls].xls].xls].xls].xls].xls].'!F94 -> #REF! | J102: =TRUNC(F102*I102,0) -> #REF! | K102: ='[2].xls].xls].xls].xls].xls].xls].xls].'!G94 -> #REF! | L102: =TRUNC(F102*K102,0) -> #REF! | M102: =G102+I102+K102 -> #REF! | N102: =H102+J102+L102 -> #REF! | O102: 56940850337 | T102: 0 | AC102: 1
A103: 010103 | B103: 56940850338 | C103: 관보온(고무발포,강관용) | D103: 13TxD80 | E103: M | F103: 38 | G103: ='[2].xls].xls].xls].xls].xls].xls].xls].'!E95 -> #REF! | H103: =TRUNC(F103*G103,0) -> #REF! | I103: ='[2].xls].xls].xls].xls].xls].xls].xls].'!F95 -> #REF! | J103: =TRUNC(F103*I103,0) -> #REF! | K103: ='[2].xls].xls].xls].xls].xls].xls].xls].'!G95 -> #REF! | L103: =TRUNC(F103*K103,0) -> #REF! | M103: =G103+I103+K103 -> #REF! | N103: =H103+J103+L103 -> #REF! | O103: 56940850338 | T103: 0 | AC103: 1
A104: 010103 | B104: 56940850369 | C104: 관보온(고무발포,강관용) | D104: 19TxD100 | E104: M | F104: 35 | G104: ='[2].xls].xls].xls].xls].xls].xls].xls].'!E96 -> #REF! | H104: =TRUNC(F104*G104,0) -> #REF! | I104: ='[2].xls].xls].xls].xls].xls].xls].xls].'!F96 -> #REF! | J104: =TRUNC(F104*I104,0) -> #REF! | K104: ='[2].xls].xls].xls].xls].xls].xls].xls].'!G96 -> #REF! | L104: =TRUNC(F104*K104,0) -> #REF! | M104: =G104+I104+K104 -> #REF! | N104: =H104+J104+L104 -> #REF! | O104: 56940850369 | T104: 0 | AC104: 1
A105: 010103 | B105: 56940850371 | C105: 관보온(고무발포,강관용) | D105: 19TxD150 | E105: M | F105: 18 | G105: ='[2].xls].xls].xls].xls].xls].xls].xls].'!E98 -> #REF! | H105: =TRUNC(F105*G105,0) -> #REF! | I105: ='[2].xls].xls].xls].xls].xls].xls].xls].'!F98 -> #REF! | J105: =TRUNC(F105*I105,0) -> #REF! | K105: ='[2].xls].xls].xls].xls].xls].xls].xls].'!G98 -> #REF! | L105: =TRUNC(F105*K105,0) -> #REF! | M105: =G105+I105+K105 -> #REF! | N105: =H105+J105+L105 -> #REF! | O105: 56940850371 | T105: 0 | AC105: 1
A106: 010103 | B106: 56940850393 | C106: 관보온(고무발포,강관용) | D106: 25TxD25 | E106: M | F106: 43 | G106: ='[2].xls].xls].xls].xls].xls].xls].xls].'!E103 -> #REF! | H106: =TRUNC(F106*G106,0) -> #REF! | I106: ='[2].xls].xls].xls].xls].xls].xls].xls].'!F103 -> #REF! | J106: =TRUNC(F106*I106,0) -> #REF! | K106: ='[2].xls].xls].xls].xls].xls].xls].xls].'!G103 -> #REF! | L106: =TRUNC(F106*K106,0) -> #REF! | M106: =G106+I106+K106 -> #REF! | N106: =H106+J106+L106 -> #REF! | O106: 56940850393 | T106: 0 | AC106: 1
A107: 010103 | B107: 56940850394 | C107: 관보온(고무발포,강관용) | D107: 25TxD32 | E107: M | F107: 21 | G107: ='[2].xls].xls].xls].xls].xls].xls].xls].'!E104 -> #REF! | H107: =TRUNC(F107*G107,0) -> #REF! | I107: ='[2].xls].xls].xls].xls].xls].xls].xls].'!F104 -> #REF! | J107: =TRUNC(F107*I107,0) -> #REF! | K107: ='[2].xls].xls].xls].xls].xls].xls].xls].'!G104 -> #REF! | L107: =TRUNC(F107*K107,0) -> #REF! | M107: =G107+I107+K107 -> #REF! | N107: =H107+J107+L107 -> #REF! | O107: 56940850394 | T107: 0 | AC107: 1
A108: 010103 | B108: 56940850395 | C108: 관보온(고무발포,강관용) | D108: 25TxD40 | E108: M | F108: 15 | G108: ='[2].xls].xls].xls].xls].xls].xls].xls].'!E105 -> #REF! | H108: =TRUNC(F108*G108,0) -> #REF! | I108: ='[2].xls].xls].xls].xls].xls].xls].xls].'!F105 -> #REF! | J108: =TRUNC(F108*I108,0) -> #REF! | K108: ='[2].xls].xls].xls].xls].xls].xls].xls].'!G105 -> #REF! | L108: =TRUNC(F108*K108,0) -> #REF! | M108: =G108+I108+K108 -> #REF! | N108: =H108+J108+L108 -> #REF! | O108: 56940850395 | T108: 0 | AC108: 1
A109: 010103 | B109: 56940850426 | C109: 관보온(고무발포,강관용) | D109: 32TxD50 | E109: M | F109: 55 | G109: ='[2].xls].xls].xls].xls].xls].xls].xls].'!E107 -> #REF! | H109: =TRUNC(F109*G109,0) -> #REF! | I109: ='[2].xls].xls].xls].xls].xls].xls].xls].'!F107 -> #REF! | J109: =TRUNC(F109*I109,0) -> #REF! | K109: ='[2].xls].xls].xls].xls].xls].xls].xls].'!G107 -> #REF! | L109: =TRUNC(F109*K109,0) -> #REF! | M109: =G109+I109+K109 -> #REF! | N109: =H109+J109+L109 -> #REF! | O109: 56940850426 | T109: 0 | AC109: 1
A110: 010103 | B110: 56940850427 | C110: 관보온(고무발포,강관용) | D110: 32TxD65 | E110: M | F110: 11 | G110: ='[2].xls].xls].xls].xls].xls].xls].xls].'!E108 -> #REF! | H110: =TRUNC(F110*G110,0) -> #REF! | I110: ='[2].xls].xls].xls].xls].xls].xls].xls].'!F108 -> #REF! | J110: =TRUNC(F110*I110,0) -> #REF! | K110: ='[2].xls].xls].xls].xls].xls].xls].xls].'!G108 -> #REF! | L110: =TRUNC(F110*K110,0) -> #REF! | M110: =G110+I110+K110 -> #REF! | N110: =H110+J110+L110 -> #REF! | O110: 56940850427 | T110: 0 | AC110: 1
A111: 010103 | B111: 56940850428 | C111: 관보온(고무발포,강관용) | D111: 32TxD80 | E111: M | F111: 34 | G111: ='[2].xls].xls].xls].xls].xls].xls].xls].'!E109 -> #REF! | H111: =TRUNC(F111*G111,0) -> #REF! | I111: ='[2].xls].xls].xls].xls].xls].xls].xls].'!F109 -> #REF! | J111: =TRUNC(F111*I111,0) -> #REF! | K111: ='[2].xls].xls].xls].xls].xls].xls].xls].'!G109 -> #REF! | L111: =TRUNC(F111*K111,0) -> #REF! | M111: =G111+I111+K111 -> #REF! | N111: =H111+J111+L111 -> #REF! | O111: 56940850428 | T111: 0 | AC111: 1
A112: 010103 | B112: 56940850429 | C112: 관보온(고무발포,강관용) | D112: 32TxD100 | E112: M | F112: 8 | G112: ='[2].xls].xls].xls].xls].xls].xls].xls].'!E110 -> #REF! | H112: =TRUNC(F112*G112,0) -> #REF! | I112: ='[2].xls].xls].xls].xls].xls].xls].xls].'!F110 -> #REF! | J112: =TRUNC(F112*I112,0) -> #REF! | K112: ='[2].xls].xls].xls].xls].xls].xls].xls].'!G110 -> #REF! | L112: =TRUNC(F112*K112,0) -> #REF! | M112: =G112+I112+K112 -> #REF! | N112: =H112+J112+L112 -> #REF! | O112: 56940850429 | T112: 0 | AC112: 1
A113: 010103 | B113: 47301108124 | C113: 일반배관용 STS강관 이음쇠 | D113: 엘보 (SR) D20 | E113: EA | F113: 5 | G113: =TRUNC([1]단가대비표!O227,0) -> 2690 | H113: =TRUNC(F113*G113,0) -> 13450 | I113: 0 | J113: =TRUNC(F113*I113,0) -> 0 | K113: 0 | L113: =TRUNC(F113*K113,0) -> 0 | M113: =G113+I113+K113 -> 2690 | N113: =H113+J113+L113 -> 13450 | T113: 0 | AC113: 1
A114: 010103 | B114: 47301108125 | C114: 일반배관용 STS강관 이음쇠 | D114: 엘보 (SR) D25 | E114: EA | F114: 30 | G114: =TRUNC([1]단가대비표!O228,0) -> 3520 | H114: =TRUNC(F114*G114,0) -> 105600 | I114: 0 | J114: =TRUNC(F114*I114,0) -> 0 | K114: 0 | L114: =TRUNC(F114*K114,0) -> 0 | M114: =G114+I114+K114 -> 3520 | N114: =H114+J114+L114 -> 105600 | T114: 0 | AC114: 1
A115: 010103 | B115: 47301108126 | C115: 일반배관용 STS강관 이음쇠 | D115: 엘보 (SR) D30 | E115: EA | F115: 17 | G115: =TRUNC([1]단가대비표!O229,0) -> 6990 | H115: =TRUNC(F115*G115,0) -> 118830 | I115: 0 | J115: =TRUNC(F115*I115,0) -> 0 | K115: 0 | L115: =TRUNC(F115*K115,0) -> 0 | M115: =G115+I115+K115 -> 6990 | N115: =H115+J115+L115 -> 118830 | T115: 0 | AC115: 1
A116: 010103 | B116: 47301108127 | C116: 일반배관용 STS강관 이음쇠 | D116: 엘보 (SR) D40 | E116: EA | F116: 21 | G116: =TRUNC([1]단가대비표!O230,0) -> 8650 | H116: =TRUNC(F116*G116,0) -> 181650 | I116: 0 | J116: =TRUNC(F116*I116,0) -> 0 | K116: 0 | L116: =TRUNC(F116*K116,0) -> 0 | M116: =G116+I116+K116 -> 8650 | N116: =H116+J116+L116 -> 181650 | T116: 0 | AC116: 1
A117: 010103 | B117: 47301108128 | C117: 일반배관용 STS강관 이음쇠 | D117: 엘보 (SR) D50 | E117: EA | F117: 7 | G117: =TRUNC([1]단가대비표!O231,0) -> 11460 | H117: =TRUNC(F117*G117,0) -> 80220 | I117: 0 | J117: =TRUNC(F117*I117,0) -> 0 | K117: 0 | L117: =TRUNC(F117*K117,0) -> 0 | M117: =G117+I117+K117 -> 11460 | N117: =H117+J117+L117 -> 80220 | T117: 0 | AC117: 1
A118: 010103 | B118: 47301108129 | C118: 일반배관용 STS강관 이음쇠 | D118: 엘보 (SR) D60 | E118: EA | F118: 4 | G118: =TRUNC([1]단가대비표!O232,0) -> 14620 | H118: =TRUNC(F118*G118,0) -> 58480 | I118: 0 | J118: =TRUNC(F118*I118,0) -> 0 | K118: 0 | L118: =TRUNC(F118*K118,0) -> 0 | M118: =G118+I118+K118 -> 14620 | N118: =H118+J118+L118 -> 58480 | T118: 0 | AC118: 1
A119: 010103 | B119: 47301108151 | C119: 일반배관용 STS강관 이음쇠 | D119: 엘보 (SR) D80 | E119: EA | F119: 8 | G119: =TRUNC([1]단가대비표!O233,0) -> 46490 | H119: =TRUNC(F119*G119,0) -> 371920 | I119: 0 | J119: =TRUNC(F119*I119,0) -> 0 | K119: 0 | L119: =TRUNC(F119*K119,0) -> 0 | M119: =G119+I119+K119 -> 46490 | N119: =H119+J119+L119 -> 371920 | T119: 0 | AC119: 1
A120: 010103 | B120: 47301108152 | C120: 일반배관용 STS강관 이음쇠 | D120: 엘보 (SR) D100 | E120: EA | F120: 8 | G120: =TRUNC([1]단가대비표!O234,0) -> 66510 | H120: =TRUNC(F120*G120,0) -> 532080 | I120: 0 | J120: =TRUNC(F120*I120,0) -> 0 | K120: 0 | L120: =TRUNC(F120*K120,0) -> 0 | M120: =G120+I120+K120 -> 66510 | N120: =H120+J120+L120 -> 532080 | T120: 0 | AC120: 1
A121: 010103 | B121: 47301108306 | C121: 일반배관용 STS강관 이음쇠 | D121: 티이 (SR) D25x25 | E121: EA | F121: 11 | G121: =TRUNC([1]단가대비표!O237,0) -> 10110 | H121: =TRUNC(F121*G121,0) -> 111210 | I121: 0 | J121: =TRUNC(F121*I121,0) -> 0 | K121: 0 | L121: =TRUNC(F121*K121,0) -> 0 | M121: =G121+I121+K121 -> 10110 | N121: =H121+J121+L121 -> 111210 | T121: 0 | AC121: 1
A122: 010103 | B122: 47301108314 | C122: 일반배관용 STS강관 이음쇠 | D122: 티이 (SR) D40x40 | E122: EA | F122: 11 | G122: =TRUNC([1]단가대비표!O239,0) -> 17380 | H122: =TRUNC(F122*G122,0) -> 191180 | I122: 0 | J122: =TRUNC(F122*I122,0) -> 0 | K122: 0 | L122: =TRUNC(F122*K122,0) -> 0 | M122: =G122+I122+K122 -> 17380 | N122: =H122+J122+L122 -> 191180 | T122: 0 | AC122: 1
A123: 010103 | B123: 47301108324 | C123: 일반배관용 STS강관 이음쇠 | D123: 티이 (SR) D60x60 | E123: EA | F123: 7 | G123: =TRUNC([1]단가대비표!O241,0) -> 28800 | H123: =TRUNC(F123*G123,0) -> 201600 | I123: 0 | J123: =TRUNC(F123*I123,0) -> 0 | K123: 0 | L123: =TRUNC(F123*K123,0) -> 0 | M123: =G123+I123+K123 -> 28800 | N123: =H123+J123+L123 -> 201600 | T123: 0 | AC123: 1
A124: 010103 | B124: 47301108339 | C124: 일반배관용 STS강관 이음쇠 | D124: 티이 (SR) D80x80 | E124: EA | F124: 5 | G124: =TRUNC([1]단가대비표!O243,0) -> 69460 | H124: =TRUNC(F124*G124,0) -> 347300 | I124: 0 | J124: =TRUNC(F124*I124,0) -> 0 | K124: 0 | L124: =TRUNC(F124*K124,0) -> 0 | M124: =G124+I124+K124 -> 69460 | N124: =H124+J124+L124 -> 347300 | T124: 0 | AC124: 1
A125: 010103 | B125: 47301108341 | C125: 일반배관용 STS강관 이음쇠 | D125: 티이 (SR) D100x100 | E125: EA | F125: 1 | G125: =TRUNC([1]단가대비표!O244,0) -> 93940 | H125: =TRUNC(F125*G125,0) -> 93940 | I125: 0 | J125: =TRUNC(F125*I125,0) -> 0 | K125: 0 | L125: =TRUNC(F125*K125,0) -> 0 | M125: =G125+I125+K125 -> 93940 | N125: =H125+J125+L125 -> 93940 | T125: 0 | AC125: 1
A126: 010103 | B126: 47301108522 | C126: 일반배관용 STS강관 이음쇠 | D126: 리듀서 (SR) D25x13 | E126: EA | F126: 6 | G126: =TRUNC([1]단가대비표!O246,0) -> 4810 | H126: =TRUNC(F126*G126,0) -> 28860 | I126: 0 | J126: =TRUNC(F126*I126,0) -> 0 | K126: 0 | L126: =TRUNC(F126*K126,0) -> 0 | M126: =G126+I126+K126 -> 4810 | N126: =H126+J126+L126 -> 28860 | T126: 0 | AC126: 1
A127: 010103 | B127: 47301108527 | C127: 일반배관용 STS강관 이음쇠 | D127: 리듀서 (SR) D40x13 | E127: EA | F127: 1 | G127: =TRUNC([1]단가대비표!O251,0) -> 9130 | H127: =TRUNC(F127*G127,0) -> 9130 | I127: 0 | J127: =TRUNC(F127*I127,0) -> 0 | K127: 0 | L127: =TRUNC(F127*K127,0) -> 0 | M127: =G127+I127+K127 -> 9130 | N127: =H127+J127+L127 -> 9130 | T127: 0 | AC127: 1
A128: 010103 | B128: 47301108530 | C128: 일반배관용 STS강관 이음쇠 | D128: 리듀서 (SR) D40x30 | E128: EA | F128: 1 | G128: =TRUNC([1]단가대비표!O254,0) -> 11040 | H128: =TRUNC(F128*G128,0) -> 11040 | I128: 0 | J128: =TRUNC(F128*I128,0) -> 0 | K128: 0 | L128: =TRUNC(F128*K128,0) -> 0 | M128: =G128+I128+K128 -> 11040 | N128: =H128+J128+L128 -> 11040 | T128: 0 | AC128: 1
A129: 010103 | B129: 47301108535 | C129: 일반배관용 STS강관 이음쇠 | D129: 리듀서 (SR) D50x40 | E129: EA | F129: 1 | G129: =TRUNC([1]단가대비표!O259,0) -> 13440 | H129: =TRUNC(F129*G129,0) -> 13440 | I129: 0 | J129: =TRUNC(F129*I129,0) -> 0 | K129: 0 | L129: =TRUNC(F129*K129,0) -> 0 | M129: =G129+I129+K129 -> 13440 | N129: =H129+J129+L129 -> 13440 | T129: 0 | AC129: 1
...
