Workbook

Sheet Sheet1
A1: 내역서
A2: 공 종 명 | B2: 규 격 | C2: 수량 | D2: 단위 | E2: 재 료 비 | G2: 노 무 비 | I2: 경 비 | K2: 합 계 | M2: 비 고
E3: 단 가 | F3: 금 액 | G3: 단 가 | H3: 금 액 | I3: 단 가 | J3: 금 액 | K3: 단 가 | L3: 금 액 | S3: 할 증 | T3: 화폐변환 | U3: OP값 | V3: EQ | W3: LA | X3: MA | Y3: 금액계상
A4: ◈ 인천소방학교 이전 신축공사 조경공사(1차+2차 공사) | C4: 1 | D4: 식 | F4: =TRUNC(F5+F6,0) -> 420209764 | H4: =TRUNC(H5+H6,0) -> 534814908 | J4: =TRUNC(J5+J6,0) -> 39547349 | L4: =F4+H4+J4 -> 994572021 | O4: A0001
A5: A. 1차 인천소방학교 이전 신축공사 | C5: 1 | D5: 식 | E5: =F28 -> 369909972 | F5: =TRUNC(E5*C5,0) -> 369909972 | G5: =H28 -> 373623249 | H5: =TRUNC(G5*C5,0) -> 373623249 | I5: =J28 -> 26115986 | J5: =TRUNC(I5*C5,0) -> 26115986 | K5: =E5+G5+I5 -> 769649207 | L5: =F5+H5+J5 -> 769649207 | P5: 10 | R5: A0010 | BI5: =HYPERLINK("#내역서!A7","A0010 →") -> A0010 →
A6: B. 2차 인천소방학교 이전 신축공사 | C6: 1 | D6: 식 | E6: =F52 -> 50299792 | F6: =TRUNC(E6*C6,0) -> 50299792 | G6: =H52 -> 161191659 | H6: =TRUNC(G6*C6,0) -> 161191659 | I6: =J52 -> 13431363 | J6: =TRUNC(I6*C6,0) -> 13431363 | K6: =E6+G6+I6 -> 224922814 | L6: =F6+H6+J6 -> 224922814 | P6: 20 | Q6: S | R6: A0020 | BI6: =HYPERLINK("#내역서!A20","A0020 →") -> A0020 →
A28: A. 1차 인천소방학교 이전 신축공사 | C28: 1 | D28: 식 | F28: =TRUNC(F31+F32+F33+F34+F35+F38,0) -> 369909972 | H28: =TRUNC(H31+H32+H33+H34+H35+H38,0) -> 373623249 | J28: =TRUNC(J31+J32+J33+J34+J35+J38,0) -> 26115986 | L28: =F28+H28+J28 -> 769649207 | O28: A0010
F29: 0 | H29: 0 | J29: 0 | K29: =E29+G29+I29 -> 0 | L29: =F29+H29+J29 -> 0 | P29: 1
A30: . 1]. 도급공사 | D30: 식 | F30: =TRUNC(F31+F32+F33+F34+F35,0) -> 288441785 | H30: =TRUNC(H31+H32+H33+H34+H35,0) -> 373623249 | J30: =TRUNC(J31+J32+J33+J34+J35,0) -> 25675173 | K30: =E30+G30+I30 -> 0 | L30: =F30+H30+J30 -> 687740207 | P30: 5
A31: ..1. 식재공사 | B31: 1차공사 | C31: 1 | D31: 식 | E31: =F76 -> 69442393 | F31: =TRUNC(E31*C31,0) -> 69442393 | G31: =H76 -> 281033530 | H31: =TRUNC(G31*C31,0) -> 281033530 | I31: =J76 -> 20322638 | J31: =TRUNC(I31*C31,0) -> 20322638 | K31: =E31+G31+I31 -> 370798561 | L31: =F31+H31+J31 -> 370798561 | P31: 10 | R31: A0100 | BI31: =HYPERLINK("#내역서!A30","A0100 →") -> A0100 →
A32: ..2. 시설물공사 | B32: 1차공사 | C32: 1 | D32: 식 | E32: =F100 -> 186418324 | F32: =TRUNC(E32*C32,0) -> 186418324 | G32: =H100 -> 32745505 | H32: =TRUNC(G32*C32,0) -> 32745505 | I32: =J100 -> 817702 | J32: =TRUNC(I32*C32,0) -> 817702 | K32: =E32+G32+I32 -> 219981531 | L32: =F32+H32+J32 -> 219981531 | P32: 20 | R32: A0200 | BI32: =HYPERLINK("#내역서!A52","A0200 →") -> A0200 →
A33: ..3. 포장공사 | B33: 1차공사 | C33: 1 | D33: 식 | E33: =F124 -> 28735807 | F33: =TRUNC(E33*C33,0) -> 28735807 | G33: =H124 -> 56824604 | H33: =TRUNC(G33*C33,0) -> 56824604 | I33: =J124 -> 4330039 | J33: =TRUNC(I33*C33,0) -> 4330039 | K33: =E33+G33+I33 -> 89890450 | L33: =F33+H33+J33 -> 89890450 | P33: 30 | R33: A0300 | BI33: =HYPERLINK("#내역서!A69","A0300 →") -> A0300 →
A34: ..4. 부대공사 | B34: 1차공사 | C34: 1 | D34: 식 | E34: =F148 -> 1906944 | F34: =TRUNC(E34*C34,0) -> 1906944 | G34: =H148 -> 1728833 | H34: =TRUNC(G34*C34,0) -> 1728833 | I34: =J148 -> 128639 | J34: =TRUNC(I34*C34,0) -> 128639 | K34: =E34+G34+I34 -> 3764416 | L34: =F34+H34+J34 -> 3764416 | P34: 40 | R34: A0400 | BI34: =HYPERLINK("#내역서!A81","A0400 →") -> A0400 →
A35: ..5. 실내조경 | B35: 1차공사 | C35: 1 | D35: 식 | E35: =F172 -> 1938317 | F35: =TRUNC(E35*C35,0) -> 1938317 | G35: =H172 -> 1290777 | H35: =TRUNC(G35*C35,0) -> 1290777 | I35: =J172 -> 76155 | J35: =TRUNC(I35*C35,0) -> 76155 | K35: =E35+G35+I35 -> 3305249 | L35: =F35+H35+J35 -> 3305249 | P35: 50 | R35: A0500 | BI35: =HYPERLINK("#내역서!A85","A0500 →") -> A0500 →
F36: 0 | H36: 0 | J36: 0 | K36: =E36+G36+I36 -> 0 | L36: =F36+H36+J36 -> 0 | P36: 60
A37: . 2]. 관급 공사 | F37: =TRUNC(F38,0) -> 81468187 | H37: =TRUNC(H38,0) -> 0 | J37: =TRUNC(J38,0) -> 440813 | K37: =E37+G37+I37 -> 0 | L37: =F37+H37+J37 -> 81909000 | P37: 70
A38: ..1. 관급공사 | B38: 도급자/1차공사 | C38: 1 | D38: 식 | E38: =F196 -> 81468187 | F38: =TRUNC(E38*C38,0) -> 81468187 | G38: =H196 -> 0 | H38: =TRUNC(G38*C38,0) -> 0 | I38: =J196 -> 440813 | J38: =TRUNC(I38*C38,0) -> 440813 | K38: =E38+G38+I38 -> 81909000 | L38: =F38+H38+J38 -> 81909000 | P38: 80 | R38: B0100 | BI38: =HYPERLINK("#내역서!A99","B0100 →") -> B0100 →
F39: 0 | H39: 0 | J39: 0 | K39: =E39+G39+I39 -> 0 | L39: =F39+H39+J39 -> 0 | P39: 90
F40: 0 | H40: 0 | J40: 0 | K40: =E40+G40+I40 -> 0 | L40: =F40+H40+J40 -> 0 | P40: 100 | Q40: S
A52: B. 2차 인천소방학교 이전 신축공사 | B52: 조경공사 | C52: 1 | D52: 식 | F52: =TRUNC(F55+F56+F57+F58+F61,0) -> 50299792 | H52: =TRUNC(H55+H56+H57+H58+H61,0) -> 161191659 | J52: =TRUNC(J55+J56+J57+J58+J61,0) -> 13431363 | L52: =F52+H52+J52 -> 224922814 | O52: A0020
F53: 0 | H53: 0 | J53: 0 | K53: =E53+G53+I53 -> 0 | L53: =F53+H53+J53 -> 0 | P53: 1
A54: . 1]. 도급공사 | D54: 식 | F54: =TRUNC(F55+F56+F57+F58,0) -> 39504721 | H54: =TRUNC(H55+H56+H57+H58,0) -> 161191659 | J54: =TRUNC(J55+J56+J57+J58,0) -> 13372434 | K54: =E54+G54+I54 -> 0 | L54: =F54+H54+J54 -> 214068814 | P54: 5
A55: ..1. 식재공사 | B55: 2차공사 | C55: 1 | D55: 식 | E55: =F220 -> 32304436 | F55: =TRUNC(E55*C55,0) -> 32304436 | G55: =H220 -> 150295114 | H55: =TRUNC(G55*C55,0) -> 150295114 | I55: =J220 -> 12560067 | J55: =TRUNC(I55*C55,0) -> 12560067 | K55: =E55+G55+I55 -> 195159617 | L55: =F55+H55+J55 -> 195159617 | P55: 10 | R55: C0100 | BI55: =HYPERLINK("#내역서!A110","C0100 →") -> C0100 →
A56: ..2. 시설물공사 | B56: 2차공사 | C56: 1 | D56: 식 | E56: =F244 -> 649914 | F56: =TRUNC(E56*C56,0) -> 649914 | G56: =H244 -> 3148464 | H56: =TRUNC(G56*C56,0) -> 3148464 | I56: =J244 -> 37660 | J56: =TRUNC(I56*C56,0) -> 37660 | K56: =E56+G56+I56 -> 3836038 | L56: =F56+H56+J56 -> 3836038 | P56: 20 | R56: C0200 | BI56: =HYPERLINK("#내역서!A123","C0200 →") -> C0200 →
A57: ..3. 포장공사 | B57: 2차공사 | C57: 1 | D57: 식 | E57: =F268 -> 6070033 | F57: =TRUNC(E57*C57,0) -> 6070033 | G57: =H268 -> 7448134 | H57: =TRUNC(G57*C57,0) -> 7448134 | I57: =J268 -> 752389 | J57: =TRUNC(I57*C57,0) -> 752389 | K57: =E57+G57+I57 -> 14270556 | L57: =F57+H57+J57 -> 14270556 | P57: 30 | R57: C0300 | BI57: =HYPERLINK("#내역서!A125","C0300 →") -> C0300 →
A58: ..4. 부대공사 | B58: 2차공사 | C58: 1 | D58: 식 | E58: =F292 -> 480338 | F58: =TRUNC(E58*C58,0) -> 480338 | G58: =H292 -> 299947 | H58: =TRUNC(G58*C58,0) -> 299947 | I58: =J292 -> 22318 | J58: =TRUNC(I58*C58,0) -> 22318 | K58: =E58+G58+I58 -> 802603 | L58: =F58+H58+J58 -> 802603 | P58: 40 | R58: C0400 | BI58: =HYPERLINK("#내역서!A129","C0400 →") -> C0400 →
F59: 0 | H59: 0 | J59: 0 | K59: =E59+G59+I59 -> 0 | L59: =F59+H59+J59 -> 0 | P59: 60
A60: . 2]. 관급 공사 | F60: =TRUNC(F61,0) -> 10795071 | H60: =TRUNC(H61,0) -> 0 | J60: =TRUNC(J61,0) -> 58929 | K60: =E60+G60+I60 -> 0 | L60: =F60+H60+J60 -> 10854000 | P60: 70
A61: ..1. 관급공사 | B61: 도급자/2차공사 | C61: 1 | D61: 식 | E61: =F316 -> 10795071 | F61: =TRUNC(E61*C61,0) -> 10795071 | G61: =H316 -> 0 | H61: =TRUNC(G61*C61,0) -> 0 | I61: =J316 -> 58929 | J61: =TRUNC(I61*C61,0) -> 58929 | K61: =E61+G61+I61 -> 10854000 | L61: =F61+H61+J61 -> 10854000 | P61: 80 | Q61: S | R61: D0100 | BI61: =HYPERLINK("#내역서!A132","D0100 →") -> D0100 →
A76: 1. 식재공사 | B76: 1차공사 | C76: 1 | D76: 식 | F76: =TRUNC(F77+F78,0) -> 69442393 | H76: =TRUNC(H77+H78,0) -> 281033530 | J76: =TRUNC(J77+J78,0) -> 20322638 | L76: =F76+H76+J76 -> 370798561 | O76: A0100
A77: 1-1. 식재공사 | B77: 이식공사[정식] | C77: 1 | D77: 식 | E77: =F81 -> 38193569 | F77: =TRUNC(E77*C77,0) -> 38193569 | G77: =H81 -> 245748763 | H77: =TRUNC(G77*C77,0) -> 245748763 | I77: =J81 -> 20322638 | J77: =TRUNC(I77*C77,0) -> 20322638 | K77: =E77+G77+I77 -> 304264970 | L77: =F77+H77+J77 -> 304264970 | P77: 10 | R77: A0110 | BI77: =HYPERLINK("#내역서!A35","A0110 →") -> A0110 →
A78: 1-2. 식재공사 | B78: 신규공사 | C78: 1 | D78: 식 | E78: =F89 -> 31248824 | F78: =TRUNC(E78*C78,0) -> 31248824 | G78: =H89 -> 35284767 | H78: =TRUNC(G78*C78,0) -> 35284767 | I78: =J89 -> 0 | J78: =TRUNC(I78*C78,0) -> 0 | K78: =E78+G78+I78 -> 66533591 | L78: =F78+H78+J78 -> 66533591 | P78: 20 | R78: A0120 | BI78: =HYPERLINK("#내역서!A43","A0120 →") -> A0120 →
F79: 0 | H79: 0 | J79: 0 | K79: =E79+G79+I79 -> 0 | L79: =F79+H79+J79 -> 0 | P79: 30
F80: 0 | H80: 0 | J80: 0 | K80: =E80+G80+I80 -> 0 | L80: =F80+H80+J80 -> 0 | P80: 40
A81: 1-1. 식재공사 | B81: 이식공사[정식] | C81: 1 | D81: 식 | F81: =TRUNC(F82+F83+F84+F85+F86+F87,0) -> 38193569 | H81: =TRUNC(H82+H83+H84+H85+H86+H87,0) -> 245748763 | J81: =TRUNC(J82+J83+J84+J85+J86+J87,0) -> 20322638 | L81: =F81+H81+J81 -> 304264970 | O81: A0110
A82: [이식]소나무 | B82: H10.0xR26 / 정식 | C82: 33 | D82: 주 | E82: ='[1]일위대가목록-호표'!E93 -> 130453 | F82: =TRUNC(E82*C82,0) -> 4304949 | G82: ='[1]일위대가목록-호표'!F93 -> 845531 | H82: =TRUNC(G82*C82,0) -> 27902523 | I82: ='[1]일위대가목록-호표'!G93 -> 69490 | J82: =TRUNC(I82*C82,0) -> 2293170 | K82: =E82+G82+I82 -> 1045474 | L82: =F82+H82+J82 -> 34500642 | M82: No.91 | P82: 10 | R82: TR-ESSM1-01 | T82: T | BI82: =HYPERLINK("#일위대가목록!A96","TR-ESSM1-01 →") -> TR-ESSM1-01 →
A83: [이식]소나무 | B83: H9.0xR21 / 정식(R20기준) | C83: 16 | D83: 주 | E83: ='[1]일위대가목록-호표'!E94 -> 85877 | F83: =TRUNC(E83*C83,0) -> 1374032 | G83: ='[1]일위대가목록-호표'!F94 -> 508359 | H83: =TRUNC(G83*C83,0) -> 8133744 | I83: ='[1]일위대가목록-호표'!G94 -> 43648 | J83: =TRUNC(I83*C83,0) -> 698368 | K83: =E83+G83+I83 -> 637884 | L83: =F83+H83+J83 -> 10206144 | M83: No.92 | P83: 20 | R83: TR-ESSM1-02 | T83: T | BI83: =HYPERLINK("#일위대가목록!A97","TR-ESSM1-02 →") -> TR-ESSM1-02 →
A84: [이식]굴참나무 | B84: H9.0xR28 / 정식 | C84: 35 | D84: 주 | E84: ='[1]일위대가목록-호표'!E95 -> 130713 | F84: =TRUNC(E84*C84,0) -> 4574955 | G84: ='[1]일위대가목록-호표'!F95 -> 845531 | H84: =TRUNC(G84*C84,0) -> 29593585 | I84: ='[1]일위대가목록-호표'!G95 -> 70990 | J84: =TRUNC(I84*C84,0) -> 2484650 | K84: =E84+G84+I84 -> 1047234 | L84: =F84+H84+J84 -> 36653190 | M84: No.93 | P84: 30 | R84: TR-ESSM1-03 | T84: T | BI84: =HYPERLINK("#일위대가목록!A98","TR-ESSM1-03 →") -> TR-ESSM1-03 →
A85: [이식]상수리나무 | B85: H10.0xR26 / 정식 | C85: 197 | D85: 주 | E85: ='[1]일위대가목록-호표'!E96 -> 130453 | F85: =TRUNC(E85*C85,0) -> 25699241 | G85: ='[1]일위대가목록-호표'!F96 -> 845531 | H85: =TRUNC(G85*C85,0) -> 166569607 | I85: ='[1]일위대가목록-호표'!G96 -> 69490 | J85: =TRUNC(I85*C85,0) -> 13689530 | K85: =E85+G85+I85 -> 1045474 | L85: =F85+H85+J85 -> 205958378 | M85: No.94 | P85: 40 | R85: TR-ESSM1-04 | T85: T | BI85: =HYPERLINK("#일위대가목록!A99","TR-ESSM1-04 →") -> TR-ESSM1-04 →
A86: [이식]상수리나무 | B86: H10.0xR20 / 정식 | C86: 20 | D86: 주 | E86: ='[1]일위대가목록-호표'!E97 -> 85877 | F86: =TRUNC(E86*C86,0) -> 1717540 | G86: ='[1]일위대가목록-호표'!F97 -> 508359 | H86: =TRUNC(G86*C86,0) -> 10167180 | I86: ='[1]일위대가목록-호표'!G97 -> 43648 | J86: =TRUNC(I86*C86,0) -> 872960 | K86: =E86+G86+I86 -> 637884 | L86: =F86+H86+J86 -> 12757680 | M86: No.95 | P86: 50 | R86: TR-ESSM1-05 | T86: T | BI86: =HYPERLINK("#일위대가목록!A100","TR-ESSM1-05 →") -> TR-ESSM1-05 →
A87: [이식]굴참나무 | B87: H10.0xR28 / 정식 | C87: 4 | D87: 주 | E87: ='[1]일위대가목록-호표'!E98 -> 130713 | F87: =TRUNC(E87*C87,0) -> 522852 | G87: ='[1]일위대가목록-호표'!F98 -> 845531 | H87: =TRUNC(G87*C87,0) -> 3382124 | I87: ='[1]일위대가목록-호표'!G98 -> 70990 | J87: =TRUNC(I87*C87,0) -> 283960 | K87: =E87+G87+I87 -> 1047234 | L87: =F87+H87+J87 -> 4188936 | M87: No.96 | P87: 60 | R87: TR-ESSM1-06 | T87: T | BI87: =HYPERLINK("#일위대가목록!A101","TR-ESSM1-06 →") -> TR-ESSM1-06 →
F88: 0 | H88: 0 | J88: 0 | K88: =E88+G88+I88 -> 0 | L88: =F88+H88+J88 -> 0 | P88: 70
A89: 1-2. 식재공사 | B89: 신규공사 | C89: 1 | D89: 식 | F89: =TRUNC(F90+F91+F92+F93+F94+F95+F96+F97,0) -> 31248824 | H89: =TRUNC(H90+H91+H92+H93+H94+H95+H96+H97,0) -> 35284767 | J89: =TRUNC(J90+J91+J92+J93+J94+J95+J96+J97,0) -> 0 | L89: =F89+H89+J89 -> 66533591 | O89: A0120
A90: 눈주목 | B90: H0.4xW0.4 | C90: 220 | D90: 주 | E90: ='[1]일위대가목록-호표'!E103 -> 22162 | F90: =TRUNC(E90*C90,0) -> 4875640 | G90: ='[1]일위대가목록-호표'!F103 -> 2507 | H90: =TRUNC(G90*C90,0) -> 551540 | I90: ='[1]일위대가목록-호표'!G103 -> 0 | J90: =TRUNC(I90*C90,0) -> 0 | K90: =E90+G90+I90 -> 24669 | L90: =F90+H90+J90 -> 5427180 | M90: No.101 | P90: 10 | R90: TU-JMN04 | T90: T | BI90: =HYPERLINK("#일위대가목록!A106","TU-JMN04 →") -> TU-JMN04 →
A91: 황금측백 | B91: H0.6xW0.4, 단식 | C91: 18 | D91: 주 | E91: ='[1]일위대가목록-호표'!E100 -> 11325 | F91: =TRUNC(E91*C91,0) -> 203850 | G91: ='[1]일위대가목록-호표'!F100 -> 6143 | H91: =TRUNC(G91*C91,0) -> 110574 | I91: ='[1]일위대가목록-호표'!G100 -> 0 | J91: =TRUNC(I91*C91,0) -> 0 | K91: =E91+G91+I91 -> 17468 | L91: =F91+H91+J91 -> 314424 | M91: No.98 | P91: 15 | R91: TU-HGSB06D | T91: T | BI91: =HYPERLINK("#일위대가목록!A103","TU-HGSB06D →") -> TU-HGSB06D →
A92: 장미 - 단식 | B92: 3년생x2가지 | C92: 14 | D92: 주 | E92: ='[1]일위대가목록-호표'!E102 -> 3880 | F92: =TRUNC(E92*C92,0) -> 54320 | G92: ='[1]일위대가목록-호표'!F102 -> 6143 | H92: =TRUNC(G92*C92,0) -> 86002 | I92: ='[1]일위대가목록-호표'!G102 -> 0 | J92: =TRUNC(I92*C92,0) -> 0 | K92: =E92+G92+I92 -> 10023 | L92: =F92+H92+J92 -> 140322 | M92: No.100 | P92: 20 | R92: TU-JM03D | T92: T | BI92: =HYPERLINK("#일위대가목록!A105","TU-JM03D →") -> TU-JM03D →
A93: 산철쭉 | B93: H0.4xW0.4 | C93: 20 | D93: 주 | E93: ='[1]일위대가목록-호표'!E105 -> 3022 | F93: =TRUNC(E93*C93,0) -> 60440 | G93: ='[1]일위대가목록-호표'!F105 -> 2507 | H93: =TRUNC(G93*C93,0) -> 50140 | I93: ='[1]일위대가목록-호표'!G105 -> 0 | J93: =TRUNC(I93*C93,0) -> 0 | K93: =E93+G93+I93 -> 5529 | L93: =F93+H93+J93 -> 110580 | M93: No.103 | P93: 30 | R93: TU-SCJ04 | T93: T | BI93: =HYPERLINK("#일위대가목록!A108","TU-SCJ04 →") -> TU-SCJ04 →
A94: 무늬맥문동 | B94: 8cm | C94: 2070 | D94: 본 | E94: ='[1]일위대가목록-호표'!E107 -> 2232 | F94: =TRUNC(E94*C94,0) -> 4620240 | G94: ='[1]일위대가목록-호표'!F107 -> 431 | H94: =TRUNC(G94*C94,0) -> 892170 | I94: ='[1]일위대가목록-호표'!G107 -> 0 | J94: =TRUNC(I94*C94,0) -> 0 | K94: =E94+G94+I94 -> 2663 | L94: =F94+H94+J94 -> 5512410 | M94: No.105 | P94: 40 | R94: TV-MNM08 | T94: T | BI94: =HYPERLINK("#일위대가목록!A110","TV-MNM08 →") -> TV-MNM08 →
A95: 수호초 | B95: 10cm | C95: 1320 | D95: 본 | E95: ='[1]일위대가목록-호표'!E109 -> 2782 | F95: =TRUNC(E95*C95,0) -> 3672240 | G95: ='[1]일위대가목록-호표'!F109 -> 431 | H95: =TRUNC(G95*C95,0) -> 568920 | I95: ='[1]일위대가목록-호표'!G109 -> 0 | J95: =TRUNC(I95*C95,0) -> 0 | K95: =E95+G95+I95 -> 3213 | L95: =F95+H95+J95 -> 4241160 | M95: No.107 | P95: 50 | R95: TV-SHC10 | T95: T | BI95: =HYPERLINK("#일위대가목록!A112","TV-SHC10 →") -> TV-SHC10 →
A96: 애란 | B96: 8cm | C96: 190 | D96: 본 | E96: ='[1]일위대가목록-호표'!E108 -> 582 | F96: =TRUNC(E96*C96,0) -> 110580 | G96: ='[1]일위대가목록-호표'!F108 -> 431 | H96: =TRUNC(G96*C96,0) -> 81890 | I96: ='[1]일위대가목록-호표'!G108 -> 0 | J96: =TRUNC(I96*C96,0) -> 0 | K96: =E96+G96+I96 -> 1013 | L96: =F96+H96+J96 -> 192470 | M96: No.106 | P96: 60 | R96: TV-OARAN08 | T96: T | BI96: =HYPERLINK("#일위대가목록!A111","TV-OARAN08 →") -> TV-OARAN08 →
A97: 잔디 | B97: 1/2줄떼 0.3x0.3x0.03 | C97: 6879 | D97: M2 | E97: ='[1]일위대가목록-호표'!E112 -> 2566 | F97: =TRUNC(E97*C97,0) -> 17651514 | G97: ='[1]일위대가목록-호표'!F112 -> 4789 | H97: =TRUNC(G97*C97,0) -> 32943531 | I97: ='[1]일위대가목록-호표'!G112 -> 0 | J97: =TRUNC(I97*C97,0) -> 0 | K97: =E97+G97+I97 -> 7355 | L97: =F97+H97+J97 -> 50595045 | M97: No.110 | P97: 70 | Q97: S | R97: TX-ZJDJ | T97: T | BI97: =HYPERLINK("#일위대가목록!A115","TX-ZJDJ →") -> TX-ZJDJ →
A100: 2. 시설물공사 | B100: 1차공사 | C100: 1 | D100: 식 | F100: =TRUNC(F101+F102+F103+F104+F105+F106+F107+F108+F109+F110+F111+F112+F113+F114+F115+F116,0) -> 186418324 | H100: =TRUNC(H101+H102+H103+H104+H105+H106+H107+H108+H109+H110+H111+H112+H113+H114+H115+H116,0) -> 32745505 | J100: =TRUNC(J101+J102+J103+J104+J105+J106+J107+J108+J109+J110+J111+J112+J113+J114+J115+J116,0) -> 817702 | L100: =F100+H100+J100 -> 219981531 | O100: A0200
A101: 계단"가"형 | B101: W300x1200,5단 | C101: 2 | D101: 개소 | E101: ='[1]일위대가목록-호표'!E55 -> 74046 | F101: =TRUNC(E101*C101,0) -> 148092 | G101: ='[1]일위대가목록-호표'!F55 -> 445981 | H101: =TRUNC(G101*C101,0) -> 891962 | I101: ='[1]일위대가목록-호표'!G55 -> 7108 | J101: =TRUNC(I101*C101,0) -> 14216 | K101: =E101+G101+I101 -> 527135 | L101: =F101+H101+J101 -> 1054270 | M101: No.53 | P101: 5 | R101: SG1-GD01 | T101: T | BI101: =HYPERLINK("#일위대가목록!A58","SG1-GD01 →") -> SG1-GD01 →
A102: 앉음벽"가"형 | B102: W500xH450 | C102: 51 | D102: M | E102: ='[1]일위대가목록-호표'!E59 -> 44534 | F102: =TRUNC(E102*C102,0) -> 2271234 | G102: ='[1]일위대가목록-호표'!F59 -> 135465 | H102: =TRUNC(G102*C102,0) -> 6908715 | I102: ='[1]일위대가목록-호표'!G59 -> 1240 | J102: =TRUNC(I102*C102,0) -> 63240 | K102: =E102+G102+I102 -> 181239 | L102: =F102+H102+J102 -> 9243189 | M102: No.57 | P102: 10 | R102: SG2-AUB-1 | T102: T | BI102: =HYPERLINK("#일위대가목록!A62","SG2-AUB-1 →") -> SG2-AUB-1 →
A103: 앉음벽"나"형 | B103: W500xH450 | C103: 38.5 | D103: M | E103: ='[1]일위대가목록-호표'!E60 -> 48111 | F103: =TRUNC(E103*C103,0) -> 1852273 | G103: ='[1]일위대가목록-호표'!F60 -> 184647 | H103: =TRUNC(G103*C103,0) -> 7108909 | I103: ='[1]일위대가목록-호표'!G60 -> 779 | J103: =TRUNC(I103*C103,0) -> 29991 | K103: =E103+G103+I103 -> 233537 | L103: =F103+H103+J103 -> 8991173 | M103: No.58 | P103: 20 | R103: SG2-AUB-2 | T103: T | BI103: =HYPERLINK("#일위대가목록!A63","SG2-AUB-2 →") -> SG2-AUB-2 →
A104: 앉음벽"다"형 | B104: W500xH450 | C104: 33 | D104: M | E104: ='[1]일위대가목록-호표'!E61 -> 43313 | F104: =TRUNC(E104*C104,0) -> 1429329 | G104: ='[1]일위대가목록-호표'!F61 -> 170252 | H104: =TRUNC(G104*C104,0) -> 5618316 | I104: ='[1]일위대가목록-호표'!G61 -> 745 | J104: =TRUNC(I104*C104,0) -> 24585 | K104: =E104+G104+I104 -> 214310 | L104: =F104+H104+J104 -> 7072230 | M104: No.59 | P104: 30 | R104: SG2-AUB-3 | T104: T | BI104: =HYPERLINK("#일위대가목록!A64","SG2-AUB-3 →") -> SG2-AUB-3 →
A105: 플랜터"가"형 | B105: W200xH550 | C105: 37 | D105: M | E105: ='[1]일위대가목록-호표'!E62 -> 20565 | F105: =TRUNC(E105*C105,0) -> 760905 | G105: ='[1]일위대가목록-호표'!F62 -> 132923 | H105: =TRUNC(G105*C105,0) -> 4918151 | I105: ='[1]일위대가목록-호표'!G62 -> 961 | J105: =TRUNC(I105*C105,0) -> 35557 | K105: =E105+G105+I105 -> 154449 | L105: =F105+H105+J105 -> 5714613 | M105: No.60 | P105: 40 | R105: SG3-PLT-1 | T105: T | BI105: =HYPERLINK("#일위대가목록!A65","SG3-PLT-1 →") -> SG3-PLT-1 →
A106: 플랜터"나"형 | B106: W600xH1200 | C106: 59.5 | D106: M | E106: ='[1]일위대가목록-호표'!E63 -> 945157 | F106: =TRUNC(E106*C106,0) -> 56236841 | G106: ='[1]일위대가목록-호표'!F63 -> 19443 | H106: =TRUNC(G106*C106,0) -> 1156858 | I106: ='[1]일위대가목록-호표'!G63 -> 930 | J106: =TRUNC(I106*C106,0) -> 55335 | K106: =E106+G106+I106 -> 965530 | L106: =F106+H106+J106 -> 57449034 | M106: No.61 | P106: 50 | R106: SG3-PLT-2 | T106: T | BI106: =HYPERLINK("#일위대가목록!A66","SG3-PLT-2 →") -> SG3-PLT-2 →
A107: 파고라 | B107: 3800x3800xH2910 | C107: 3 | D107: 개소 | E107: =[1]자재조서!E39 -> 15625000 | F107: =TRUNC(E107*C107,0) -> 46875000 | G107: 0 | I107: 0 | K107: =E107+G107+I107 -> 15625000 | L107: =F107+H107+J107 -> 46875000 | M107: MGS-1PGR | P107: 60 | R107: MGS-1PGR | BI107: =HYPERLINK("#자재조서!A39","MGS-1PGR →") -> MGS-1PGR →
A108: 평의자 | B108: 1600x450xH420 | C108: 6 | D108: 개소 | E108: ='[1]일위대가목록-호표'!E64 -> 504428 | F108: =TRUNC(E108*C108,0) -> 3026568 | G108: ='[1]일위대가목록-호표'!F64 -> 10971 | H108: =TRUNC(G108*C108,0) -> 65826 | I108: ='[1]일위대가목록-호표'!G64 -> 144 | J108: =TRUNC(I108*C108,0) -> 864 | K108: =E108+G108+I108 -> 515543 | L108: =F108+H108+J108 -> 3093258 | M108: No.62 | P108: 70 | R108: SGS-1UJP | T108: T | BI108: =HYPERLINK("#일위대가목록!A67","SGS-1UJP →") -> SGS-1UJP →
A109: 등의자 | B109: 1600x550xH770 | C109: 12 | D109: 개소 | E109: ='[1]일위대가목록-호표'!E65 -> 604428 | F109: =TRUNC(E109*C109,0) -> 7253136 | G109: ='[1]일위대가목록-호표'!F65 -> 10971 | H109: =TRUNC(G109*C109,0) -> 131652 | I109: ='[1]일위대가목록-호표'!G65 -> 144 | J109: =TRUNC(I109*C109,0) -> 1728 | K109: =E109+G109+I109 -> 615543 | L109: =F109+H109+J109 -> 7386516 | M109: No.63 | P109: 80 | R109: SGS-2UJD | T109: T | BI109: =HYPERLINK("#일위대가목록!A68","SGS-2UJD →") -> SGS-2UJD →
A110: 휀스출입문 | B110: W2000xH2000 | C110: 2 | D110: 개소 | E110: ='[1]일위대가목록-호표'!E66 -> 2469980 | F110: =TRUNC(E110*C110,0) -> 4939960 | G110: ='[1]일위대가목록-호표'!F66 -> 80117 | H110: =TRUNC(G110*C110,0) -> 160234 | I110: ='[1]일위대가목록-호표'!G66 -> 369 | J110: =TRUNC(I110*C110,0) -> 738 | K110: =E110+G110+I110 -> 2550466 | L110: =F110+H110+J110 -> 5100932 | M110: No.64 | P110: 85 | R110: SGS-3FCGT | T110: T | BI110: =HYPERLINK("#일위대가목록!A69","SGS-3FCGT →") -> SGS-3FCGT →
A111: 휀스 | B111: W2000xH2000 | C111: 12 | D111: 경간 | E111: ='[1]일위대가목록-호표'!E67 -> 1918990 | F111: =TRUNC(E111*C111,0) -> 23027880 | G111: ='[1]일위대가목록-호표'!F67 -> 67696 | H111: =TRUNC(G111*C111,0) -> 812352 | I111: ='[1]일위대가목록-호표'!G67 -> 190 | J111: =TRUNC(I111*C111,0) -> 2280 | K111: =E111+G111+I111 -> 1986876 | L111: =F111+H111+J111 -> 23842512 | M111: No.65 | P111: 87 | R111: SGS-4FC | T111: T | BI111: =HYPERLINK("#일위대가목록!A70","SGS-4FC →") -> SGS-4FC →
A112: POT | B112: 500x300xH400 | C112: 18 | D112: 개소 | E112: =[1]자재조서!E41 -> 890000 | F112: =TRUNC(E112*C112,0) -> 16020000 | G112: 0 | I112: 0 | K112: =E112+G112+I112 -> 890000 | L112: =F112+H112+J112 -> 16020000 | M112: MGS-PLT | P112: 91 | R112: MGS-PLT | BI112: =HYPERLINK("#자재조서!A41","MGS-PLT →") -> MGS-PLT →
A113: 자전거보관대 | B113: 8대x2단,지붕형, 현장설치도 | C113: 1 | D113: 개소 | E113: =[1]자재조서!E40 -> 7700000 | F113: =TRUNC(E113*C113,0) -> 7700000 | G113: 0 | I113: 0 | K113: =E113+G113+I113 -> 7700000 | L113: =F113+H113+J113 -> 7700000 | M113: MGS-JJG | P113: 95 | R113: MGS-JJG | BI113: =HYPERLINK("#자재조서!A40","MGS-JJG →") -> MGS-JJG →
A114: 인공지반"가"형 | B114: T700 | C114: 14.5 | D114: M2 | E114: ='[1]일위대가목록-호표'!E69 -> 78692 | F114: =TRUNC(E114*C114,0) -> 1141034 | G114: ='[1]일위대가목록-호표'!F69 -> 47880 | H114: =TRUNC(G114*C114,0) -> 694260 | I114: ='[1]일위대가목록-호표'!G69 -> 5770 | J114: =TRUNC(I114*C114,0) -> 83665 | K114: =E114+G114+I114 -> 132342 | L114: =F114+H114+J114 -> 1918959 | M114: No.67 | P114: 100 | R114: SN-IGJB1 | T114: T | BI114: =HYPERLINK("#일위대가목록!A72","SN-IGJB1 →") -> SN-IGJB1 →
A115: 인공지반"나"형 | B115: T170 | C115: 201.5 | D115: M2 | E115: ='[1]일위대가목록-호표'!E70 -> 34522 | F115: =TRUNC(E115*C115,0) -> 6956183 | G115: ='[1]일위대가목록-호표'!F70 -> 12084 | H115: =TRUNC(G115*C115,0) -> 2434926 | I115: ='[1]일위대가목록-호표'!G70 -> 1421 | J115: =TRUNC(I115*C115,0) -> 286331 | K115: =E115+G115+I115 -> 48027 | L115: =F115+H115+J115 -> 9677440 | M115: No.68 | P115: 110 | R115: SN-IGJB2 | T115: T | BI115: =HYPERLINK("#일위대가목록!A73","SN-IGJB2 →") -> SN-IGJB2 →
A116: 인공지반"다"형 | B116: T110 | C116: 229.5 | D116: M2 | E116: ='[1]일위대가목록-호표'!E71 -> 29542 | F116: =TRUNC(E116*C116,0) -> 6779889 | G116: ='[1]일위대가목록-호표'!F71 -> 8032 | H116: =TRUNC(G116*C116,0) -> 1843344 | I116: ='[1]일위대가목록-호표'!G71 -> 955 | J116: =TRUNC(I116*C116,0) -> 219172 | K116: =E116+G116+I116 -> 38529 | L116: =F116+H116+J116 -> 8842405 | M116: No.69 | P116: 120 | Q116: S | R116: SN-IGJB3 | T116: T | BI116: =HYPERLINK("#일위대가목록!A74","SN-IGJB3 →") -> SN-IGJB3 →
A124: 3. 포장공사 | B124: 1차공사 | C124: 1 | D124: 식 | F124: =TRUNC(F125+F126+F127+F128+F129+F130+F131+F132+F133+F134+F135,0) -> 28735807 | H124: =TRUNC(H125+H126+H127+H128+H129+H130+H131+H132+H133+H134+H135,0) -> 56824604 | J124: =TRUNC(J125+J126+J127+J128+J129+J130+J131+J132+J133+J134+J135,0) -> 4330039 | L124: =F124+H124+J124 -> 89890450 | O124: A0300
A125: 화강석판석포장"가"형 | B125: T30, 회색계열, 버너 | C125: 145.5 | D125: M2 | E125: ='[1]일위대가목록-호표'!E73 -> 6620 | F125: =TRUNC(E125*C125,0) -> 963210 | G125: ='[1]일위대가목록-호표'!F73 -> 71360 | H125: =TRUNC(G125*C125,0) -> 10382880 | I125: ='[1]일위대가목록-호표'!G73 -> 1400 | J125: =TRUNC(I125*C125,0) -> 203700 | K125: =E125+G125+I125 -> 79380 | L125: =F125+H125+J125 -> 11549790 | M125: No.71 | P125: 10 | R125: SP-HGSPS30 | T125: T | BI125: =HYPERLINK("#일위대가목록!A76","SP-HGSPS30 →") -> SP-HGSPS30 →
A126: 화강석판석포장"나"형 | B126: T30, 회색계열, 버너 | C126: 3.5 | D126: M2 | E126: ='[1]일위대가목록-호표'!E74 -> 3806 | F126: =TRUNC(E126*C126,0) -> 13321 | G126: ='[1]일위대가목록-호표'!F74 -> 69748 | H126: =TRUNC(G126*C126,0) -> 244118 | I126: ='[1]일위대가목록-호표'!G74 -> 979 | J126: =TRUNC(I126*C126,0) -> 3426 | K126: =E126+G126+I126 -> 74533 | L126: =F126+H126+J126 -> 260865 | M126: No.72 | P126: 20 | R126: SP-HGSPS31 | T126: T | BI126: =HYPERLINK("#일위대가목록!A77","SP-HGSPS31 →") -> SP-HGSPS31 →
A127: 화강석판석포장"다"형 | B127: T30, 회색계열, 버너 | C127: 138.5 | D127: M2 | E127: ='[1]일위대가목록-호표'!E75 -> 3678 | F127: =TRUNC(E127*C127,0) -> 509403 | G127: ='[1]일위대가목록-호표'!F75 -> 68574 | H127: =TRUNC(G127*C127,0) -> 9497499 | I127: ='[1]일위대가목록-호표'!G75 -> 814 | J127: =TRUNC(I127*C127,0) -> 112739 | K127: =E127+G127+I127 -> 73066 | L127: =F127+H127+J127 -> 10119641 | M127: No.73 | P127: 30 | R127: SP-HGSPS32 | T127: T | BI127: =HYPERLINK("#일위대가목록!A78","SP-HGSPS32 →") -> SP-HGSPS32 →
A128: 인조화강석블럭포장"가"형 | B128: T60, 투수 | C128: 2229 | D128: M2 | E128: ='[1]일위대가목록-호표'!E76 -> 4645 | F128: =TRUNC(E128*C128,0) -> 10353705 | G128: ='[1]일위대가목록-호표'!F76 -> 8226 | H128: =TRUNC(G128*C128,0) -> 18335754 | I128: ='[1]일위대가목록-호표'!G76 -> 1085 | J128: =TRUNC(I128*C128,0) -> 2418465 | K128: =E128+G128+I128 -> 13956 | L128: =F128+H128+J128 -> 31107924 | M128: No.74 | P128: 40 | R128: SP-IJHGS60 | T128: T | BI128: =HYPERLINK("#일위대가목록!A79","SP-IJHGS60 →") -> SP-IJHGS60 →
A129: 인조화강석블럭포장"나"형 | B129: T60, 투수 | C129: 445.5 | D129: M2 | E129: ='[1]일위대가목록-호표'!E77 -> 4487 | F129: =TRUNC(E129*C129,0) -> 1998958 | G129: ='[1]일위대가목록-호표'!F77 -> 7047 | H129: =TRUNC(G129*C129,0) -> 3139438 | I129: ='[1]일위대가목록-호표'!G77 -> 911 | J129: =TRUNC(I129*C129,0) -> 405850 | K129: =E129+G129+I129 -> 12445 | L129: =F129+H129+J129 -> 5544246 | M129: No.75 | P129: 50 | R129: SP-IJHGS61 | T129: T | BI129: =HYPERLINK("#일위대가목록!A80","SP-IJHGS61 →") -> SP-IJHGS61 →
A130: 인조화강석블럭포장"다"형 | B130: T60, 불투수 | C130: 371 | D130: M2 | E130: ='[1]일위대가목록-호표'!E78 -> 4786 | F130: =TRUNC(E130*C130,0) -> 1775606 | G130: ='[1]일위대가목록-호표'!F78 -> 13432 | H130: =TRUNC(G130*C130,0) -> 4983272 | I130: ='[1]일위대가목록-호표'!G78 -> 1844 | J130: =TRUNC(I130*C130,0) -> 684124 | K130: =E130+G130+I130 -> 20062 | L130: =F130+H130+J130 -> 7443002 | M130: No.76 | P130: 60 | R130: SP-IJHGS62 | T130: T | BI130: =HYPERLINK("#일위대가목록!A81","SP-IJHGS62 →") -> SP-IJHGS62 →
A131: 자갈 포설"가"형 | B131: T220,W400,자연자갈 | C131: 13 | D131: M2 | E131: ='[1]일위대가목록-호표'!E80 -> 6900 | F131: =TRUNC(E131*C131,0) -> 89700 | G131: ='[1]일위대가목록-호표'!F80 -> 4837 | H131: =TRUNC(G131*C131,0) -> 62881 | I131: ='[1]일위대가목록-호표'!G80 -> 0 | J131: =TRUNC(I131*C131,0) -> 0 | K131: =E131+G131+I131 -> 11737 | L131: =F131+H131+J131 -> 152581 | M131: No.78 | P131: 70 | R131: SP-KJG01 | T131: T | BI131: =HYPERLINK("#일위대가목록!A83","SP-KJG01 →") -> SP-KJG01 →
A132: 자갈 포설"나"형 | B132: T200,W400,자연자갈 | C132: 42 | D132: M2 | E132: ='[1]일위대가목록-호표'!E81 -> 6300 | F132: =TRUNC(E132*C132,0) -> 264600 | G132: ='[1]일위대가목록-호표'!F81 -> 4397 | H132: =TRUNC(G132*C132,0) -> 184674 | I132: ='[1]일위대가목록-호표'!G81 -> 0 | J132: =TRUNC(I132*C132,0) -> 0 | K132: =E132+G132+I132 -> 10697 | L132: =F132+H132+J132 -> 449274 | M132: No.79 | P132: 75 | R132: SP-KJG02 | T132: T | BI132: =HYPERLINK("#일위대가목록!A84","SP-KJG02 →") -> SP-KJG02 →
A133: 녹지경계석"가"형 | B133: 150x150x1000, 직선 | C133: 514 | D133: M | E133: ='[1]일위대가목록-호표'!E82 -> 20334 | F133: =TRUNC(E133*C133,0) -> 10451676 | G133: ='[1]일위대가목록-호표'!F82 -> 16564 | H133: =TRUNC(G133*C133,0) -> 8513896 | I133: ='[1]일위대가목록-호표'!G82 -> 820 | J133: =TRUNC(I133*C133,0) -> 421480 | K133: =E133+G133+I133 -> 37718 | L133: =F133+H133+J133 -> 19387052 | M133: No.80 | P133: 80 | R133: SPJJ-GJ150 | T133: T | BI133: =HYPERLINK("#일위대가목록!A85","SPJJ-GJ150 →") -> SPJJ-GJ150 →
A134: 녹지경계석"가"형 | B134: 150x150x1000, 곡선 | C134: 9 | D134: M | E134: ='[1]일위대가목록-호표'!E83 -> 35018 | F134: =TRUNC(E134*C134,0) -> 315162 | G134: ='[1]일위대가목록-호표'!F83 -> 17748 | H134: =TRUNC(G134*C134,0) -> 159732 | I134: ='[1]일위대가목록-호표'!G83 -> 929 | J134: =TRUNC(I134*C134,0) -> 8361 | K134: =E134+G134+I134 -> 53695 | L134: =F134+H134+J134 -> 483255 | M134: No.81 | P134: 90 | R134: SPJJ-GJ150R | T134: T | BI134: =HYPERLINK("#일위대가목록!A86","SPJJ-GJ150R →") -> SPJJ-GJ150R →
A135: 녹지경계석"나"형 | B135: 150x150x1000, 직선 | C135: 103 | D135: M | E135: ='[1]일위대가목록-호표'!E84 -> 19422 | F135: =TRUNC(E135*C135,0) -> 2000466 | G135: ='[1]일위대가목록-호표'!F84 -> 12820 | H135: =TRUNC(G135*C135,0) -> 1320460 | I135: ='[1]일위대가목록-호표'!G84 -> 698 | J135: =TRUNC(I135*C135,0) -> 71894 | K135: =E135+G135+I135 -> 32940 | L135: =F135+H135+J135 -> 3392820 | M135: No.82 | P135: 100 | Q135: S | R135: SPJJ-GJ151 | T135: T | BI135: =HYPERLINK("#일위대가목록!A87","SPJJ-GJ151 →") -> SPJJ-GJ151 →
A148: 4. 부대공사 | B148: 1차공사 | C148: 1 | D148: 식 | F148: =TRUNC(F149+F150+F151,0) -> 1906944 | H148: =TRUNC(H149+H150+H151,0) -> 1728833 | J148: =TRUNC(J149+J150+J151,0) -> 128639 | L148: =F148+H148+J148 -> 3764416 | O148: A0400
A149: 수목명찰 | B149: 교목용 | C149: 12 | D149: 개소 | E149: =[1]자재조서!E38 -> 49600 | F149: =TRUNC(E149*C149,0) -> 595200 | G149: 0 | I149: 0 | K149: =E149+G149+I149 -> 49600 | L149: =F149+H149+J149 -> 595200 | M149: MF01200 | P149: 10 | R149: MF01200 | BI149: =HYPERLINK("#자재조서!A38","MF01200 →") -> MF01200 →
A150: 수목명찰(고정형) | B150: 관목,지피용 | C150: 17 | D150: 개소 | E150: =[1]자재조서!E37 -> 62400 | F150: =TRUNC(E150*C150,0) -> 1060800 | G150: 0 | I150: 0 | K150: =E150+G150+I150 -> 62400 | L150: =F150+H150+J150 -> 1060800 | M150: MF01100 | P150: 20 | R150: MF01100 | BI150: =HYPERLINK("#자재조서!A37","MF01100 →") -> MF01100 →
A151: 관급자재하차 | B151: 지게차2.5TON | C151: 487.27 | D151: TON | E151: ='[1]일위대가목록-산근'!E4 -> 515 | F151: =TRUNC(E151*C151,0) -> 250944 | G151: ='[1]일위대가목록-산근'!F4 -> 3548 | H151: =TRUNC(G151*C151,0) -> 1728833 | I151: ='[1]일위대가목록-산근'!G4 -> 264 | J151: =TRUNC(I151*C151,0) -> 128639 | K151: =E151+G151+I151 -> 4327 | L151: =F151+H151+J151 -> 2108416 | M151: #.2 | P151: 40 | Q151: S | R151: Z_B0100 | T151: F | BI151: =HYPERLINK("#일위대가목록!A4","Z_B0100 →") -> Z_B0100 →
A172: 5. 실내조경 | B172: 1차공사 | C172: 1 | D172: 식 | F172: =TRUNC(F173+F174,0) -> 1938317 | H172: =TRUNC(H173+H174,0) -> 1290777 | J172: =TRUNC(J173+J174,0) -> 76155 | L172: =F172+H172+J172 -> 3305249 | O172: A0500
A173: 5-1. 실내조경 | B173: 식재공사 | C173: 1 | D173: 식 | E173: =F177 -> 513540 | F173: =TRUNC(E173*C173,0) -> 513540 | G173: =H177 -> 637320 | H173: =TRUNC(G173*C173,0) -> 637320 | I173: =J177 -> 0 | J173: =TRUNC(I173*C173,0) -> 0 | K173: =E173+G173+I173 -> 1150860 | L173: =F173+H173+J173 -> 1150860 | P173: 10 | R173: A0510 | BI173: =HYPERLINK("#내역서!A90","A0510 →") -> A0510 →
A174: 5-2. 실내조경 | B174: 시설물&포장공사 | C174: 1 | D174: 식 | E174: =F182 -> 1424777 | F174: =TRUNC(E174*C174,0) -> 1424777 | G174: =H182 -> 653457 | H174: =TRUNC(G174*C174,0) -> 653457 | I174: =J182 -> 76155 | J174: =TRUNC(I174*C174,0) -> 76155 | K174: =E174+G174+I174 -> 2154389 | L174: =F174+H174+J174 -> 2154389 | P174: 20 | R174: A0520 | BI174: =HYPERLINK("#내역서!A95","A0520 →") -> A0520 →
F175: 0 | H175: 0 | J175: 0 | K175: =E175+G175+I175 -> 0 | L175: =F175+H175+J175 -> 0 | P175: 30
F176: 0 | H176: 0 | J176: 0 | K176: =E176+G176+I176 -> 0 | L176: =F176+H176+J176 -> 0 | P176: 40
A177: 5-1. 실내조경 | B177: 식재공사 | C177: 1 | D177: 식 | F177: =TRUNC(F178+F179+F180,0) -> 513540 | H177: =TRUNC(H178+H179+H180,0) -> 637320 | J177: =TRUNC(J178+J179+J180,0) -> 0 | L177: =F177+H177+J177 -> 1150860 | O177: A0510
A178: 남천 | B178: H1.2x5가지, 실내조경 | C178: 16 | D178: 주 | E178: ='[1]일위대가목록-호표'!E106 -> 12750 | F178: =TRUNC(E178*C178,0) -> 204000 | G178: ='[1]일위대가목록-호표'!F106 -> 35185 | H178: =TRUNC(G178*C178,0) -> 562960 | I178: ='[1]일위대가목록-호표'!G106 -> 0 | J178: =TRUNC(I178*C178,0) -> 0 | K178: =E178+G178+I178 -> 47935 | L178: =F178+H178+J178 -> 766960 | M178: No.104 | P178: 10 | R178: TUS-NC12 | T178: T | BI178: =HYPERLINK("#일위대가목록!A109","TUS-NC12 →") -> TUS-NC12 →
A179: 무늬맥문동 | B179: 8cm, 실내조경 | C179: 110 | D179: 본 | E179: ='[1]일위대가목록-호표'!E110 -> 2232 | F179: =TRUNC(E179*C179,0) -> 245520 | G179: ='[1]일위대가목록-호표'!F110 -> 338 | H179: =TRUNC(G179*C179,0) -> 37180 | I179: ='[1]일위대가목록-호표'!G110 -> 0 | J179: =TRUNC(I179*C179,0) -> 0 | K179: =E179+G179+I179 -> 2570 | L179: =F179+H179+J179 -> 282700 | M179: No.108 | P179: 20 | R179: TV-SN-MNM08 | T179: T | BI179: =HYPERLINK("#일위대가목록!A113","TV-SN-MNM08 →") -> TV-SN-MNM08 →
A180: 애란 | B180: 8cm, 실내조경 | C180: 110 | D180: 본 | E180: ='[1]일위대가목록-호표'!E111 -> 582 | F180: =TRUNC(E180*C180,0) -> 64020 | G180: ='[1]일위대가목록-호표'!F111 -> 338 | H180: =TRUNC(G180*C180,0) -> 37180 | I180: ='[1]일위대가목록-호표'!G111 -> 0 | J180: =TRUNC(I180*C180,0) -> 0 | K180: =E180+G180+I180 -> 920 | L180: =F180+H180+J180 -> 101200 | M180: No.109 | P180: 30 | R180: TV-SN-OARAN8 | T180: T | BI180: =HYPERLINK("#일위대가목록!A114","TV-SN-OARAN8 →") -> TV-SN-OARAN8 →
F181: 0 | H181: 0 | J181: 0 | K181: =E181+G181+I181 -> 0 | L181: =F181+H181+J181 -> 0 | P181: 40
A182: 5-2. 실내조경 | B182: 시설물&포장공사 | C182: 1 | D182: 식 | F182: =TRUNC(F183+F184+F185,0) -> 1424777 | H182: =TRUNC(H183+H184+H185,0) -> 653457 | J182: =TRUNC(J183+J184+J185,0) -> 76155 | L182: =F182+H182+J182 -> 2154389 | O182: A0520
A183: 인공지반"라"형 | B183: T380 | C183: 20 | D183: M2 | E183: ='[1]일위대가목록-호표'!E72 -> 52012 | F183: =TRUNC(E183*C183,0) -> 1040240 | G183: ='[1]일위대가목록-호표'!F72 -> 26267 | H183: =TRUNC(G183*C183,0) -> 525340 | I183: ='[1]일위대가목록-호표'!G72 -> 3130 | J183: =TRUNC(I183*C183,0) -> 62600 | K183: =E183+G183+I183 -> 81409 | L183: =F183+H183+J183 -> 1628180 | M183: No.70 | P183: 10 | R183: SN-IGJB4 | T183: T | BI183: =HYPERLINK("#일위대가목록!A75","SN-IGJB4 →") -> SN-IGJB4 →
A184: 경관석 | B184: 4목, 400x600x500 | C184: 5 | D184: 개소 | E184: ='[1]일위대가목록-호표'!E68 -> 25365 | F184: =TRUNC(E184*C184,0) -> 126825 | G184: ='[1]일위대가목록-호표'!F68 -> 23865 | H184: =TRUNC(G184*C184,0) -> 119325 | I184: ='[1]일위대가목록-호표'!G68 -> 2711 | J184: =TRUNC(I184*C184,0) -> 13555 | K184: =E184+G184+I184 -> 51941 | L184: =F184+H184+J184 -> 259705 | M184: No.66 | P184: 20 | R184: SN-GGS04 | T184: T | BI184: =HYPERLINK("#일위대가목록!A71","SN-GGS04 →") -> SN-GGS04 →
A185: 백자갈포설 | B185: T100, Φ20내외 | C185: 4 | D185: M2 | E185: ='[1]일위대가목록-호표'!E79 -> 64428 | F185: =TRUNC(E185*C185,0) -> 257712 | G185: ='[1]일위대가목록-호표'!F79 -> 2198 | H185: =TRUNC(G185*C185,0) -> 8792 | I185: ='[1]일위대가목록-호표'!G79 -> 0 | J185: =TRUNC(I185*C185,0) -> 0 | K185: =E185+G185+I185 -> 66626 | L185: =F185+H185+J185 -> 266504 | M185: No.77 | P185: 30 | Q185: S | R185: SP-JYJG01 | T185: T | BI185: =HYPERLINK("#일위대가목록!A82","SP-JYJG01 →") -> SP-JYJG01 →
A196: 6. 관급공사 | B196: 도급자/1차공사 | C196: 1 | D196: 식 | F196: =TRUNC(F197+F198+F199+F200+F201+F202+F203+F204+F205+F206,0) -> 81468187 | H196: =TRUNC(H197+H198+H199+H200+H201+H202+H203+H204+H205+H206,0) -> 0 | J196: =TRUNC(J197+J198+J199+J200+J201+J202+J203+J204+J205+J206,0) -> 440813 | L196: =F196+H196+J196 -> 81909000 | O196: B0100
A197: 이형철근[관급] | B197: HD13M/M 0.995KG/M | C197: 1053 | D197: KG | E197: =[1]자재조서!E4 -> 1008.45 | F197: =TRUNC(E197*C197,0) -> 1061897 | G197: 0 | I197: 0 | K197: =E197+G197+I197 -> 1008.45 | L197: =F197+H197+J197 -> 1061897 | M197: M0012006 | N197: 56801007002 | P197: 10 | R197: M0012006 | BI197: =HYPERLINK("#자재조서!A4","M0012006 →") -> M0012006 →
...
